CREATE DATABASE  IF NOT EXISTS `segedb` /*!40100 DEFAULT CHARACTER SET utf8 */ /*!80016 DEFAULT ENCRYPTION='N' */;
USE `segedb`;
-- MySQL dump 10.13  Distrib 8.0.19, for Win64 (x86_64)
--
-- Host: localhost    Database: segedb
-- ------------------------------------------------------
-- Server version	8.0.19

/*!40101 SET @OLD_CHARACTER_SET_CLIENT=@@CHARACTER_SET_CLIENT */;
/*!40101 SET @OLD_CHARACTER_SET_RESULTS=@@CHARACTER_SET_RESULTS */;
/*!40101 SET @OLD_COLLATION_CONNECTION=@@COLLATION_CONNECTION */;
/*!50503 SET NAMES utf8 */;
/*!40103 SET @OLD_TIME_ZONE=@@TIME_ZONE */;
/*!40103 SET TIME_ZONE='+00:00' */;
/*!40014 SET @OLD_UNIQUE_CHECKS=@@UNIQUE_CHECKS, UNIQUE_CHECKS=0 */;
/*!40014 SET @OLD_FOREIGN_KEY_CHECKS=@@FOREIGN_KEY_CHECKS, FOREIGN_KEY_CHECKS=0 */;
/*!40101 SET @OLD_SQL_MODE=@@SQL_MODE, SQL_MODE='NO_AUTO_VALUE_ON_ZERO' */;
/*!40111 SET @OLD_SQL_NOTES=@@SQL_NOTES, SQL_NOTES=0 */;

--
-- Table structure for table `collection`
--

DROP TABLE IF EXISTS `collection`;
/*!40101 SET @saved_cs_client     = @@character_set_client */;
/*!50503 SET character_set_client = utf8mb4 */;
CREATE TABLE `collection` (
  `CollectionId` int NOT NULL AUTO_INCREMENT,
  `Name` varchar(45) NOT NULL DEFAULT 'UABCS-PFA',
  `IsActive` tinyint(1) NOT NULL,
  `Description` mediumtext,
  `Notes` tinytext,
  `Label` varchar(20) DEFAULT NULL,
  `ProjectId` int DEFAULT NULL,
  PRIMARY KEY (`CollectionId`),
  KEY `Collection_Project_idx` (`ProjectId`),
  CONSTRAINT `Collection_Project` FOREIGN KEY (`ProjectId`) REFERENCES `project` (`ProjectId`) ON DELETE CASCADE ON UPDATE CASCADE
) ENGINE=InnoDB DEFAULT CHARSET=utf8;
/*!40101 SET character_set_client = @saved_cs_client */;

--
-- Dumping data for table `collection`
--

LOCK TABLES `collection` WRITE;
/*!40000 ALTER TABLE `collection` DISABLE KEYS */;
/*!40000 ALTER TABLE `collection` ENABLE KEYS */;
UNLOCK TABLES;

--
-- Table structure for table `colonytype`
--

DROP TABLE IF EXISTS `colonytype`;
/*!40101 SET @saved_cs_client     = @@character_set_client */;
/*!50503 SET character_set_client = utf8mb4 */;
CREATE TABLE `colonytype` (
  `ColonyTypeId` int NOT NULL AUTO_INCREMENT,
  `Name` varchar(45) NOT NULL,
  `Description` varchar(100) DEFAULT NULL,
  `IsActive` tinyint(1) NOT NULL DEFAULT '1',
  PRIMARY KEY (`ColonyTypeId`)
) ENGINE=InnoDB AUTO_INCREMENT=3 DEFAULT CHARSET=utf8;
/*!40101 SET character_set_client = @saved_cs_client */;

--
-- Dumping data for table `colonytype`
--

LOCK TABLES `colonytype` WRITE;
/*!40000 ALTER TABLE `colonytype` DISABLE KEYS */;
INSERT INTO `colonytype` VALUES (1,'Mamey',NULL,1),(2,'Morada',NULL,1);
/*!40000 ALTER TABLE `colonytype` ENABLE KEYS */;
UNLOCK TABLES;

--
-- Table structure for table `commonnames`
--

DROP TABLE IF EXISTS `commonnames`;
/*!40101 SET @saved_cs_client     = @@character_set_client */;
/*!50503 SET character_set_client = utf8mb4 */;
CREATE TABLE `commonnames` (
  `CommonNamesId` int NOT NULL AUTO_INCREMENT,
  `Name` varchar(45) NOT NULL,
  `Notes` tinytext,
  `LanguageId` int NOT NULL,
  PRIMARY KEY (`CommonNamesId`),
  KEY `Name_Language_idx` (`LanguageId`),
  CONSTRAINT `Name_Language` FOREIGN KEY (`LanguageId`) REFERENCES `language` (`LanguageId`)
) ENGINE=InnoDB DEFAULT CHARSET=utf8;
/*!40101 SET character_set_client = @saved_cs_client */;

--
-- Dumping data for table `commonnames`
--

LOCK TABLES `commonnames` WRITE;
/*!40000 ALTER TABLE `commonnames` DISABLE KEYS */;
/*!40000 ALTER TABLE `commonnames` ENABLE KEYS */;
UNLOCK TABLES;

--
-- Table structure for table `externallink`
--

DROP TABLE IF EXISTS `externallink`;
/*!40101 SET @saved_cs_client     = @@character_set_client */;
/*!50503 SET character_set_client = utf8mb4 */;
CREATE TABLE `externallink` (
  `ExternalLinkId` int NOT NULL AUTO_INCREMENT,
  `SampleId` bigint NOT NULL,
  `Url` varchar(255) NOT NULL,
  `IsActive` tinyint(1) NOT NULL DEFAULT '1',
  PRIMARY KEY (`ExternalLinkId`),
  KEY `fk_ExternalLink_Sample1_idx` (`SampleId`),
  CONSTRAINT `fk_ExternalLink_Sample1` FOREIGN KEY (`SampleId`) REFERENCES `sample` (`IdentificationId`)
) ENGINE=InnoDB DEFAULT CHARSET=utf8;
/*!40101 SET character_set_client = @saved_cs_client */;

--
-- Dumping data for table `externallink`
--

LOCK TABLES `externallink` WRITE;
/*!40000 ALTER TABLE `externallink` DISABLE KEYS */;
/*!40000 ALTER TABLE `externallink` ENABLE KEYS */;
UNLOCK TABLES;

--
-- Table structure for table `habitat`
--

DROP TABLE IF EXISTS `habitat`;
/*!40101 SET @saved_cs_client     = @@character_set_client */;
/*!50503 SET character_set_client = utf8mb4 */;
CREATE TABLE `habitat` (
  `HabitatId` int NOT NULL AUTO_INCREMENT,
  `HabitatTypeId` int NOT NULL,
  `ReefId` int NOT NULL,
  `Lat` decimal(10,8) NOT NULL,
  `Long` decimal(11,8) NOT NULL,
  `WaterTempC` int DEFAULT NULL,
  `WaterPH` int DEFAULT NULL,
  `MinDepth` int DEFAULT NULL,
  `MaxDepth` int DEFAULT NULL,
  `IsActive` tinyint(1) NOT NULL DEFAULT '1',
  PRIMARY KEY (`HabitatId`),
  KEY `fk_Habitat_Reef1_idx` (`ReefId`),
  KEY `fk_Habitat_Type_idx` (`HabitatTypeId`),
  CONSTRAINT `fk_Habitat_Reef1` FOREIGN KEY (`ReefId`) REFERENCES `reef` (`ReefId`),
  CONSTRAINT `fk_Habitat_Type` FOREIGN KEY (`HabitatTypeId`) REFERENCES `habitattype` (`HabitatTypeId`)
) ENGINE=InnoDB AUTO_INCREMENT=342 DEFAULT CHARSET=utf8;
/*!40101 SET character_set_client = @saved_cs_client */;

--
-- Dumping data for table `habitat`
--

LOCK TABLES `habitat` WRITE;
/*!40000 ALTER TABLE `habitat` DISABLE KEYS */;
INSERT INTO `habitat` VALUES (1,1,187,24.38411100,-110.29424100,NULL,NULL,NULL,NULL,1),(2,1,162,24.43973000,-110.37683000,NULL,NULL,NULL,NULL,1),(3,1,168,24.44470000,-110.38135000,NULL,NULL,NULL,NULL,1),(4,2,1,29.06703800,-113.08149700,NULL,NULL,NULL,NULL,1),(5,2,2,29.28389100,-113.49776800,NULL,NULL,NULL,NULL,1),(6,2,3,29.02797200,-113.19001200,NULL,NULL,NULL,NULL,1),(7,2,4,29.55555300,-113.56031900,NULL,NULL,NULL,NULL,1),(8,2,5,29.55117400,-113.52353900,NULL,NULL,NULL,NULL,1),(9,2,6,28.98765900,-113.11513800,NULL,NULL,NULL,NULL,1),(10,2,8,28.69649700,-112.93165800,NULL,NULL,NULL,NULL,1),(11,2,9,28.69865100,-112.90469100,NULL,NULL,NULL,NULL,1),(12,2,10,28.43888500,-112.85996800,NULL,NULL,NULL,NULL,1),(13,2,11,29.19744100,-113.63888700,NULL,NULL,NULL,NULL,1),(14,2,12,28.83947800,-113.24681400,NULL,NULL,NULL,NULL,1),(15,2,13,28.95977700,-113.43879300,NULL,NULL,NULL,NULL,1),(16,2,14,28.94762200,-113.47992300,NULL,NULL,NULL,NULL,1),(17,2,15,28.93540500,-113.38256700,NULL,NULL,NULL,NULL,1),(18,2,16,28.95016100,-113.45069800,NULL,NULL,NULL,NULL,1),(19,2,17,28.95123200,-113.42613800,NULL,NULL,NULL,NULL,1),(20,2,18,28.83998700,-113.26120700,NULL,NULL,NULL,NULL,1),(21,2,19,22.87855600,-109.89883800,NULL,NULL,NULL,NULL,1),(22,2,21,24.99115100,-110.74947800,NULL,NULL,NULL,NULL,1),(23,2,23,23.42552300,-109.40416100,NULL,NULL,NULL,NULL,1),(24,2,25,23.99153700,-109.82542800,NULL,NULL,NULL,NULL,1),(25,2,29,24.31820300,-110.33816900,NULL,NULL,NULL,NULL,1),(26,2,31,25.56853300,-111.14311700,NULL,NULL,NULL,NULL,1),(27,2,33,24.76368500,-110.66404500,NULL,NULL,NULL,NULL,1),(28,2,34,25.03236100,-110.80373100,NULL,NULL,NULL,NULL,1),(29,2,35,22.90220600,-109.84262200,NULL,NULL,NULL,NULL,1),(30,2,36,24.35434900,-110.28391700,NULL,NULL,NULL,NULL,1),(31,2,39,25.34723300,-110.97860100,NULL,NULL,NULL,NULL,1),(32,2,40,22.89875600,-109.85661100,NULL,NULL,NULL,NULL,1),(33,2,41,23.40353900,-109.41481100,NULL,NULL,NULL,NULL,1),(34,2,43,24.21631100,-110.08887100,NULL,NULL,NULL,NULL,1),(35,2,44,24.95203100,-110.73327100,NULL,NULL,NULL,NULL,1),(36,2,47,22.93963100,-109.80636100,NULL,NULL,NULL,NULL,1),(37,2,48,23.45216100,-109.42450100,NULL,NULL,NULL,NULL,1),(38,2,49,22.89603900,-109.86600200,NULL,NULL,NULL,NULL,1),(39,2,50,25.12961800,-110.86182100,NULL,NULL,NULL,NULL,1),(40,2,52,25.53247800,-111.06385800,NULL,NULL,NULL,NULL,1),(41,2,54,23.40799700,-109.41333800,NULL,NULL,NULL,NULL,1),(42,2,56,24.25111100,-110.14904100,NULL,NULL,NULL,NULL,1),(43,2,58,23.45829100,-109.42891500,NULL,NULL,NULL,NULL,1),(44,2,59,23.38455100,-109.41261800,NULL,NULL,NULL,NULL,1),(45,2,60,25.74373500,-111.22566400,NULL,NULL,NULL,NULL,1),(46,2,61,25.84111100,-111.31583300,NULL,NULL,NULL,NULL,1),(47,2,62,25.91722200,-111.34222200,NULL,NULL,NULL,NULL,1),(48,2,63,25.81138900,-111.29166700,NULL,NULL,NULL,NULL,1),(49,2,64,26.15313100,-111.35727400,NULL,NULL,NULL,NULL,1),(50,2,65,25.91390800,-111.34028100,NULL,NULL,NULL,NULL,1),(51,2,66,25.67973800,-111.17487200,NULL,NULL,NULL,NULL,1),(52,2,67,26.12472200,-111.34750100,NULL,NULL,NULL,NULL,1),(53,2,70,25.20914800,-110.91506100,NULL,NULL,NULL,NULL,1),(54,2,72,24.24972200,-110.15000100,NULL,NULL,NULL,NULL,1),(55,2,74,24.25879100,-110.33703400,NULL,NULL,NULL,NULL,1),(56,2,75,25.27775100,-110.93312100,NULL,NULL,NULL,NULL,1),(57,2,79,23.35525400,-109.42232200,NULL,NULL,NULL,NULL,1),(58,2,80,24.74708300,-110.67723100,NULL,NULL,NULL,NULL,1),(59,2,82,24.35146700,-110.24567100,NULL,NULL,NULL,NULL,1),(60,2,83,26.51618900,-111.44240100,NULL,NULL,NULL,NULL,1),(61,2,85,25.51045800,-111.01558300,NULL,NULL,NULL,NULL,1),(62,2,86,25.29251700,-110.93405000,NULL,NULL,NULL,NULL,1),(63,2,87,24.70606600,-110.68827100,NULL,NULL,NULL,NULL,1),(64,2,89,24.31279900,-110.33720200,NULL,NULL,NULL,NULL,1),(65,2,90,24.16982900,-110.01746700,NULL,NULL,NULL,NULL,1),(66,2,91,24.27815100,-110.18403100,NULL,NULL,NULL,NULL,1),(67,2,92,24.80928100,-110.65919100,NULL,NULL,NULL,NULL,1),(68,2,93,22.89722500,-109.87494400,NULL,NULL,NULL,NULL,1),(69,2,94,24.22216100,-110.10791100,NULL,NULL,NULL,NULL,1),(70,2,95,24.01423300,-109.80673300,NULL,NULL,NULL,NULL,1),(71,2,96,24.19552100,-110.06015100,NULL,NULL,NULL,NULL,1),(72,2,97,25.24562100,-110.92207100,NULL,NULL,NULL,NULL,1),(73,2,98,25.53086200,-111.00484300,NULL,NULL,NULL,NULL,1),(74,2,99,24.39554700,-110.68276500,NULL,NULL,NULL,NULL,1),(75,2,100,25.33017200,-110.95344100,NULL,NULL,NULL,NULL,1),(76,2,102,24.91929100,-110.70278100,NULL,NULL,NULL,NULL,1),(77,2,104,25.36576700,-110.98441700,NULL,NULL,NULL,NULL,1),(78,2,105,25.35651100,-110.98114100,NULL,NULL,NULL,NULL,1),(79,2,108,27.77554100,-112.70435100,NULL,NULL,NULL,NULL,1),(80,2,110,28.96637300,-113.47693900,NULL,NULL,NULL,NULL,1),(81,2,111,25.84198400,-111.23297200,NULL,NULL,NULL,NULL,1),(82,2,114,25.95924200,-111.13353700,NULL,NULL,NULL,NULL,1),(83,2,115,26.04427100,-111.17887900,NULL,NULL,NULL,NULL,1),(84,2,116,25.97271700,-111.18522700,NULL,NULL,NULL,NULL,1),(85,2,117,25.94050100,-111.20117100,NULL,NULL,NULL,NULL,1),(86,2,118,26.06883900,-111.07012700,NULL,NULL,NULL,NULL,1),(87,2,119,25.86922500,-111.18191100,NULL,NULL,NULL,NULL,1),(88,2,121,26.06488600,-111.13184700,NULL,NULL,NULL,NULL,1),(89,2,122,25.60027800,-110.75527800,NULL,NULL,NULL,NULL,1),(90,2,125,25.60093500,-110.77970700,NULL,NULL,NULL,NULL,1),(91,2,126,25.67111100,-110.76666700,NULL,NULL,NULL,NULL,1),(92,2,127,25.71388900,-110.77444400,NULL,NULL,NULL,NULL,1),(93,2,128,25.68501100,-110.79916700,NULL,NULL,NULL,NULL,1),(94,2,129,25.59315800,-110.75909500,NULL,NULL,NULL,NULL,1),(95,2,131,24.32509800,-109.93961300,NULL,NULL,NULL,NULL,1),(96,2,133,24.37496900,-109.93260600,NULL,NULL,NULL,NULL,1),(97,2,134,24.13625100,-109.80150400,NULL,NULL,NULL,NULL,1),(98,2,137,18.34626500,-114.70158800,NULL,NULL,NULL,NULL,1),(99,2,138,18.36614400,-114.75667100,NULL,NULL,NULL,NULL,1),(100,2,140,29.06981800,-113.52212100,NULL,NULL,NULL,NULL,1),(101,2,141,29.09639700,-113.53082900,NULL,NULL,NULL,NULL,1),(102,2,142,29.07406700,-113.50228300,NULL,NULL,NULL,NULL,1),(103,2,143,29.03744200,-113.48978300,NULL,NULL,NULL,NULL,1),(104,2,146,26.13530400,-111.27910600,NULL,NULL,NULL,NULL,1),(105,2,151,25.78895600,-111.24281900,NULL,NULL,NULL,NULL,1),(106,2,152,25.80071800,-111.25760800,NULL,NULL,NULL,NULL,1),(107,2,153,25.76356100,-111.24352100,NULL,NULL,NULL,NULL,1),(108,2,154,24.52333300,-110.33444400,NULL,NULL,NULL,NULL,1),(109,2,155,24.40122200,-110.34922200,NULL,NULL,NULL,NULL,1),(110,2,158,24.48235200,-110.39983700,NULL,NULL,NULL,NULL,1),(111,2,160,24.45551800,-110.29038000,NULL,NULL,NULL,NULL,1),(112,2,163,24.53703000,-110.39948000,NULL,NULL,NULL,NULL,1),(113,2,164,24.44111100,-110.37475000,NULL,NULL,NULL,NULL,1),(114,2,166,24.40049400,-110.34825900,NULL,NULL,NULL,NULL,1),(115,2,167,24.44722100,-110.37833100,NULL,NULL,NULL,NULL,1),(116,2,169,24.45650400,-110.38398400,NULL,NULL,NULL,NULL,1),(117,2,170,24.46661900,-110.38507600,NULL,NULL,NULL,NULL,1),(118,2,171,24.46525000,-110.38735000,NULL,NULL,NULL,NULL,1),(119,2,175,24.59943200,-110.40118800,NULL,NULL,NULL,NULL,1),(120,2,176,24.59830000,-110.40081000,NULL,NULL,NULL,NULL,1),(121,2,177,24.50638900,-110.32527800,NULL,NULL,NULL,NULL,1),(122,2,178,24.42108300,-110.31341660,NULL,NULL,NULL,NULL,1),(123,2,179,24.57735000,-110.37958000,NULL,NULL,NULL,NULL,1),(124,2,180,24.58575000,-110.38321000,NULL,NULL,NULL,NULL,1),(125,2,181,24.50457100,-110.30840600,NULL,NULL,NULL,NULL,1),(126,2,182,24.56200800,-110.36644600,NULL,NULL,NULL,NULL,1),(127,2,183,24.45876600,-110.37079100,NULL,NULL,NULL,NULL,1),(128,2,184,24.46616600,-110.37466600,NULL,NULL,NULL,NULL,1),(129,2,185,24.47542100,-110.28930500,NULL,NULL,NULL,NULL,1),(130,2,188,24.41389100,-110.35444100,NULL,NULL,NULL,NULL,1),(131,2,189,24.39111600,-110.30485300,NULL,NULL,NULL,NULL,1),(132,2,190,24.57159600,-110.41470100,NULL,NULL,NULL,NULL,1),(133,2,191,24.28816100,-110.34019600,NULL,NULL,NULL,NULL,1),(134,2,193,28.95686100,-113.47682300,NULL,NULL,NULL,NULL,1),(135,2,194,29.16862300,-113.60714700,NULL,NULL,NULL,NULL,1),(136,2,195,17.64358910,-101.64012810,NULL,NULL,NULL,NULL,1),(137,2,197,17.64932500,-101.62148000,NULL,NULL,NULL,NULL,1),(138,2,198,17.62308330,-101.55164100,NULL,NULL,NULL,NULL,1),(139,2,200,17.67975100,-101.65852600,NULL,NULL,NULL,NULL,1),(140,2,201,17.65141590,-101.60470800,NULL,NULL,NULL,NULL,1),(141,2,202,17.53345440,-101.49177700,NULL,NULL,NULL,NULL,1),(142,2,203,17.53416870,-101.49982600,NULL,NULL,NULL,NULL,1),(143,2,205,17.67490200,-101.65647200,NULL,NULL,NULL,NULL,1),(144,2,211,20.41683900,-105.69508300,NULL,NULL,NULL,NULL,1),(145,2,213,20.47978100,-105.62121100,NULL,NULL,NULL,NULL,1),(146,2,217,28.99856700,-113.52129200,NULL,NULL,NULL,NULL,1),(147,2,219,21.31684100,-106.29103100,NULL,NULL,NULL,NULL,1),(148,2,220,21.33554100,-106.24242100,NULL,NULL,NULL,NULL,1),(149,2,221,21.30339100,-106.22450100,NULL,NULL,NULL,NULL,1),(150,2,222,21.28893100,-106.25742100,NULL,NULL,NULL,NULL,1),(151,2,223,21.53985100,-106.53129100,NULL,NULL,NULL,NULL,1),(152,2,224,21.59944100,-106.63144100,NULL,NULL,NULL,NULL,1),(153,2,225,21.66298100,-106.53734100,NULL,NULL,NULL,NULL,1),(154,2,226,21.56975100,-106.51301100,NULL,NULL,NULL,NULL,1),(155,2,227,21.69844100,-106.66360100,NULL,NULL,NULL,NULL,1),(156,2,228,21.69865100,-106.65331100,NULL,NULL,NULL,NULL,1),(157,2,229,21.42137100,-106.38496100,NULL,NULL,NULL,NULL,1),(158,2,230,21.42112100,-106.41500100,NULL,NULL,NULL,NULL,1),(159,2,233,21.46549100,-106.49859100,NULL,NULL,NULL,NULL,1),(160,2,234,21.45863400,-106.35535800,NULL,NULL,NULL,NULL,1),(161,2,235,24.30068100,-110.33856100,NULL,NULL,NULL,NULL,1),(162,2,236,24.30227700,-110.33807100,NULL,NULL,NULL,NULL,1),(163,2,237,15.76248300,-96.08286500,NULL,NULL,NULL,NULL,1),(164,2,238,25.74275700,-111.04661100,NULL,NULL,NULL,NULL,1),(165,2,239,25.74116100,-111.04236400,NULL,NULL,NULL,NULL,1),(166,2,240,25.70845700,-111.05988100,NULL,NULL,NULL,NULL,1),(167,2,241,25.66002300,-111.04532800,NULL,NULL,NULL,NULL,1),(168,2,242,25.67588100,-111.01127100,NULL,NULL,NULL,NULL,1),(169,2,243,25.74782200,-111.06021700,NULL,NULL,NULL,NULL,1),(170,2,244,15.71618400,-96.16184500,NULL,NULL,NULL,NULL,1),(171,2,250,15.73564800,-96.13130800,NULL,NULL,NULL,NULL,1),(172,2,251,28.90018800,-113.03822500,NULL,NULL,NULL,NULL,1),(173,2,252,28.89130100,-113.04480300,NULL,NULL,NULL,NULL,1),(174,2,254,29.01475600,-113.50452600,NULL,NULL,NULL,NULL,1),(175,2,255,28.71891800,-112.94885100,NULL,NULL,NULL,NULL,1),(176,2,258,19.33236100,-110.79392000,NULL,NULL,NULL,NULL,1),(177,2,259,19.30405300,-110.79527400,NULL,NULL,NULL,NULL,1),(178,2,260,19.33198900,-110.80196600,NULL,NULL,NULL,NULL,1),(179,2,261,19.31636100,-110.81435100,NULL,NULL,NULL,NULL,1),(180,2,262,19.30843500,-110.81893900,NULL,NULL,NULL,NULL,1),(181,2,264,19.29780100,-110.80469400,NULL,NULL,NULL,NULL,1),(182,2,267,19.32504600,-110.79078600,NULL,NULL,NULL,NULL,1),(183,2,268,19.29647900,-110.81383700,NULL,NULL,NULL,NULL,1),(184,2,269,19.32660700,-110.80843000,NULL,NULL,NULL,NULL,1),(185,2,270,19.32924100,-110.80211400,NULL,NULL,NULL,NULL,1),(186,2,271,19.31857400,-110.81089700,NULL,NULL,NULL,NULL,1),(187,2,272,19.33198900,-110.80196600,NULL,NULL,NULL,NULL,1),(188,2,273,25.18263300,-110.71001100,NULL,NULL,NULL,NULL,1),(189,2,274,25.20303100,-110.69492100,NULL,NULL,NULL,NULL,1),(190,2,275,28.72116100,-112.61126100,NULL,NULL,NULL,NULL,1),(191,2,277,28.66492500,-112.54837700,NULL,NULL,NULL,NULL,1),(192,2,278,24.84297100,-110.56601100,NULL,NULL,NULL,NULL,1),(193,2,279,24.81392100,-110.56432100,NULL,NULL,NULL,NULL,1),(194,2,283,26.62372400,-111.42981600,NULL,NULL,NULL,NULL,1),(195,2,285,25.10656400,-110.70396900,NULL,NULL,NULL,NULL,1),(196,2,286,24.85179600,-110.58585100,NULL,NULL,NULL,NULL,1),(197,2,287,24.83921400,-110.60859800,NULL,NULL,NULL,NULL,1),(198,2,289,24.87323300,-110.60375100,NULL,NULL,NULL,NULL,1),(199,2,290,24.84293700,-110.60568700,NULL,NULL,NULL,NULL,1),(200,2,291,24.85353300,-110.57963300,NULL,NULL,NULL,NULL,1),(201,2,292,25.03154100,-110.58903100,NULL,NULL,NULL,NULL,1),(202,2,294,25.08946800,-110.56674300,NULL,NULL,NULL,NULL,1),(203,2,296,24.88401100,-110.52531100,NULL,NULL,NULL,NULL,1),(204,2,297,21.77313100,-106.67000100,NULL,NULL,NULL,NULL,1),(205,2,298,21.74117100,-106.70177100,NULL,NULL,NULL,NULL,1),(206,2,299,21.73861100,-106.70174100,NULL,NULL,NULL,NULL,1),(207,2,300,21.70873100,-106.67531100,NULL,NULL,NULL,NULL,1),(208,2,301,21.75432100,-106.66010100,NULL,NULL,NULL,NULL,1),(209,2,302,21.76148100,-106.66142100,NULL,NULL,NULL,NULL,1),(210,2,303,21.73876100,-106.70335100,NULL,NULL,NULL,NULL,1),(211,2,304,27.22321600,-112.04552800,NULL,NULL,NULL,NULL,1),(212,2,305,27.26595100,-112.09186800,NULL,NULL,NULL,NULL,1),(213,2,306,28.38780800,-112.29715100,NULL,NULL,NULL,NULL,1),(214,2,307,28.36883900,-112.30194300,NULL,NULL,NULL,NULL,1),(215,2,310,28.38872400,-112.31476900,NULL,NULL,NULL,NULL,1),(216,2,313,25.30618100,-110.71247100,NULL,NULL,NULL,NULL,1),(217,2,314,25.25945200,-110.71797100,NULL,NULL,NULL,NULL,1),(218,2,315,27.04981700,-111.90502400,NULL,NULL,NULL,NULL,1),(219,2,316,27.05892900,-111.90989900,NULL,NULL,NULL,NULL,1),(220,2,317,18.73389400,-110.91875200,NULL,NULL,NULL,NULL,1),(221,2,319,18.79938500,-110.91520300,NULL,NULL,NULL,NULL,1),(222,2,320,18.84086900,-110.94622000,NULL,NULL,NULL,NULL,1),(223,2,321,18.76745000,-111.02249300,NULL,NULL,NULL,NULL,1),(224,2,322,18.80043400,-111.04556200,NULL,NULL,NULL,NULL,1),(225,2,324,18.72340100,-110.94599700,NULL,NULL,NULL,NULL,1),(226,2,325,18.74921200,-111.01607400,NULL,NULL,NULL,NULL,1),(227,2,327,18.78021500,-110.90934900,NULL,NULL,NULL,NULL,1),(228,2,329,18.86400100,-110.98215600,NULL,NULL,NULL,NULL,1),(229,2,335,27.45086900,-111.90213800,NULL,NULL,NULL,NULL,1),(230,2,336,27.42988800,-111.86253100,NULL,NULL,NULL,NULL,1),(231,2,338,28.71552200,-112.29198400,NULL,NULL,NULL,NULL,1),(232,2,340,28.99080700,-113.49500400,NULL,NULL,NULL,NULL,1),(233,3,196,17.61544040,-101.55495400,NULL,NULL,NULL,NULL,1),(234,3,199,17.62006400,-101.52423800,NULL,NULL,NULL,NULL,1),(235,3,209,17.65369220,-101.62225100,NULL,NULL,NULL,NULL,1),(236,3,245,15.74397200,-96.12606000,NULL,NULL,NULL,NULL,1),(237,3,246,15.70987600,-96.19787800,NULL,NULL,NULL,NULL,1),(238,3,247,15.73674200,-96.14406000,NULL,NULL,NULL,NULL,1),(239,3,248,15.69673700,-96.22421500,NULL,NULL,NULL,NULL,1),(240,3,249,15.68550400,-96.23645300,NULL,NULL,NULL,NULL,1),(241,4,112,25.84198900,-111.23297500,NULL,NULL,NULL,NULL,1),(242,4,159,24.47927800,-110.40951800,NULL,NULL,NULL,NULL,1),(243,4,172,24.59888600,-110.39917500,NULL,NULL,NULL,NULL,1),(244,4,256,28.71891200,-112.94885500,NULL,NULL,NULL,NULL,1),(245,4,308,28.36882400,-112.30194800,NULL,NULL,NULL,NULL,1),(246,4,337,27.42988200,-111.86253900,NULL,NULL,NULL,NULL,1),(247,5,28,24.32132100,-110.31773600,NULL,NULL,NULL,NULL,1),(248,5,69,24.14956100,-110.36777100,NULL,NULL,NULL,NULL,1),(249,6,19,22.87855300,-109.89883500,NULL,NULL,NULL,NULL,1),(250,6,22,22.87613900,-109.89283500,NULL,NULL,NULL,NULL,1),(251,6,45,22.87720300,-109.89523300,NULL,NULL,NULL,NULL,1),(252,6,51,25.12962600,-110.86027500,NULL,NULL,NULL,NULL,1),(253,6,53,25.53267100,-111.06368700,NULL,NULL,NULL,NULL,1),(254,6,55,23.40799200,-109.41333200,NULL,NULL,NULL,NULL,1),(255,6,106,22.92746100,-109.81531600,NULL,NULL,NULL,NULL,1),(256,6,120,25.96526500,-111.06730300,NULL,NULL,NULL,NULL,1),(257,6,123,25.60027200,-110.75527200,NULL,NULL,NULL,NULL,1),(258,6,132,24.32503300,-109.94041400,NULL,NULL,NULL,NULL,1),(259,6,139,18.37000100,-114.75782600,NULL,NULL,NULL,NULL,1),(260,6,145,26.12618800,-111.25874300,NULL,NULL,NULL,NULL,1),(261,6,147,26.13781200,-111.26529100,NULL,NULL,NULL,NULL,1),(262,6,148,26.13287000,-111.26103000,NULL,NULL,NULL,NULL,1),(263,6,150,25.81520200,-111.26006200,NULL,NULL,NULL,NULL,1),(264,6,174,24.59889900,-110.39983100,NULL,NULL,NULL,NULL,1),(265,6,192,24.28682500,-110.34118600,NULL,NULL,NULL,NULL,1),(266,6,204,17.59950470,-101.56756300,NULL,NULL,NULL,NULL,1),(267,6,206,17.63089110,-101.61291700,NULL,NULL,NULL,NULL,1),(268,6,207,17.68877230,-101.66030100,NULL,NULL,NULL,NULL,1),(269,6,208,17.64570700,-101.63241000,NULL,NULL,NULL,NULL,1),(270,6,212,20.49715200,-105.55987600,NULL,NULL,NULL,NULL,1),(271,6,214,20.66957100,-105.65643100,NULL,NULL,NULL,NULL,1),(272,6,215,20.68388800,-105.61416600,NULL,NULL,NULL,NULL,1),(273,6,216,20.69722200,-105.59111100,NULL,NULL,NULL,NULL,1),(274,6,218,21.27365100,-106.23342100,NULL,NULL,NULL,NULL,1),(275,6,231,21.43460600,-106.44699700,NULL,NULL,NULL,NULL,1),(276,6,232,21.45091100,-106.48489100,NULL,NULL,NULL,NULL,1),(277,6,253,19.00888900,-112.08222200,NULL,NULL,NULL,NULL,1),(278,6,263,19.33016400,-110.81393100,NULL,NULL,NULL,NULL,1),(279,6,265,19.29780500,-110.80469900,NULL,NULL,NULL,NULL,1),(280,6,276,28.72116900,-112.61126800,NULL,NULL,NULL,NULL,1),(281,6,284,26.62669100,-111.42478100,NULL,NULL,NULL,NULL,1),(282,6,293,25.08948500,-110.56677900,NULL,NULL,NULL,NULL,1),(283,6,309,28.36883300,-112.30194100,NULL,NULL,NULL,NULL,1),(284,6,311,27.95157500,-111.36668300,NULL,NULL,NULL,NULL,1),(285,6,318,18.75384100,-110.91470500,NULL,NULL,NULL,NULL,1),(286,6,323,18.73355800,-110.96416900,NULL,NULL,NULL,NULL,1),(287,6,328,18.77730500,-110.91011700,NULL,NULL,NULL,NULL,1),(288,6,330,18.86400500,-110.98215800,NULL,NULL,NULL,NULL,1),(289,6,331,18.77996100,-111.04715100,NULL,NULL,NULL,NULL,1),(290,6,332,18.83215600,-111.05738400,NULL,NULL,NULL,NULL,1),(291,7,7,29.28989100,-113.18653100,NULL,NULL,NULL,NULL,1),(292,7,26,23.45786100,-109.40546300,NULL,NULL,NULL,NULL,1),(293,7,27,22.87590800,-109.89069800,NULL,NULL,NULL,NULL,1),(294,7,30,23.43478100,-109.42437700,NULL,NULL,NULL,NULL,1),(295,7,32,23.36114800,-109.42159100,NULL,NULL,NULL,NULL,1),(296,7,37,23.43430900,-109.41479100,NULL,NULL,NULL,NULL,1),(297,7,38,23.43882300,-109.41082100,NULL,NULL,NULL,NULL,1),(298,7,42,22.94603100,-109.80366100,NULL,NULL,NULL,NULL,1),(299,7,46,23.42471500,-109.40830300,NULL,NULL,NULL,NULL,1),(300,7,57,23.31989700,-109.41739100,NULL,NULL,NULL,NULL,1),(301,7,71,23.46193800,-109.40720300,NULL,NULL,NULL,NULL,1),(302,7,73,23.44616400,-109.41672800,NULL,NULL,NULL,NULL,1),(303,7,76,22.99705000,-109.72245000,NULL,NULL,NULL,NULL,1),(304,7,77,22.98855000,-109.73236700,NULL,NULL,NULL,NULL,1),(305,7,78,23.00591700,-109.71136700,NULL,NULL,NULL,NULL,1),(306,7,81,23.38151600,-109.42050500,NULL,NULL,NULL,NULL,1),(307,7,84,24.04344800,-109.82519900,NULL,NULL,NULL,NULL,1),(308,7,107,23.49213100,-109.45748100,NULL,NULL,NULL,NULL,1),(309,7,109,24.04061400,-109.89276900,NULL,NULL,NULL,NULL,1),(310,7,113,25.77054100,-111.18085600,NULL,NULL,NULL,NULL,1),(311,7,124,25.52277600,-110.77828800,NULL,NULL,NULL,NULL,1),(312,7,130,24.14487100,-109.86321100,NULL,NULL,NULL,NULL,1),(313,7,135,24.38876200,-109.93996100,NULL,NULL,NULL,NULL,1),(314,7,136,24.12970700,-109.79702100,NULL,NULL,NULL,NULL,1),(315,7,156,24.59666600,-110.40808000,NULL,NULL,NULL,NULL,1),(316,7,157,24.68773100,-110.26258800,NULL,NULL,NULL,NULL,1),(317,7,161,24.45077400,-110.28122400,NULL,NULL,NULL,NULL,1),(318,7,165,24.44506100,-110.38590600,NULL,NULL,NULL,NULL,1),(319,7,186,24.47516600,-110.38691600,NULL,NULL,NULL,NULL,1),(320,7,210,20.45263100,-105.66189800,NULL,NULL,NULL,NULL,1),(321,7,266,19.29780900,-110.80468500,NULL,NULL,NULL,NULL,1),(322,7,280,24.81034800,-110.57967800,NULL,NULL,NULL,NULL,1),(323,7,281,24.81061200,-110.53020800,NULL,NULL,NULL,NULL,1),(324,7,282,24.81000800,-110.52019100,NULL,NULL,NULL,NULL,1),(325,7,295,25.11873900,-110.70848800,NULL,NULL,NULL,NULL,1),(326,7,326,18.74921500,-111.01607100,NULL,NULL,NULL,NULL,1),(327,7,333,27.92794500,-111.05212600,NULL,NULL,NULL,NULL,1),(328,8,144,26.10682100,-111.30571300,NULL,NULL,NULL,NULL,1),(329,8,149,26.72362200,-111.88371800,NULL,NULL,NULL,NULL,1),(330,8,173,24.59760900,-110.40144400,NULL,NULL,NULL,NULL,1),(331,8,288,24.83921100,-110.60859100,NULL,NULL,NULL,NULL,1),(332,8,312,27.95601500,-111.36471300,NULL,NULL,NULL,NULL,1),(333,9,24,26.76311900,-111.89264900,NULL,NULL,NULL,NULL,1),(334,9,68,25.84892400,-111.33087100,NULL,NULL,NULL,NULL,1),(335,9,88,24.70607100,-110.68826500,NULL,NULL,NULL,NULL,1),(336,9,101,24.91137700,-110.70494600,NULL,NULL,NULL,NULL,1),(337,9,103,24.35298900,-110.67440100,NULL,NULL,NULL,NULL,1),(338,9,257,28.71891400,-112.94885900,NULL,NULL,NULL,NULL,1),(339,9,334,27.92779500,-111.05882800,NULL,NULL,NULL,NULL,1),(340,9,339,28.71552900,-112.29198900,NULL,NULL,NULL,NULL,1),(341,2,341,0.00000000,0.00000000,NULL,NULL,NULL,NULL,1);
/*!40000 ALTER TABLE `habitat` ENABLE KEYS */;
UNLOCK TABLES;

--
-- Table structure for table `habitattype`
--

DROP TABLE IF EXISTS `habitattype`;
/*!40101 SET @saved_cs_client     = @@character_set_client */;
/*!50503 SET character_set_client = utf8mb4 */;
CREATE TABLE `habitattype` (
  `HabitatTypeId` int NOT NULL AUTO_INCREMENT,
  `Name` varchar(45) NOT NULL,
  `Description` varchar(100) DEFAULT NULL,
  `IsActive` tinyint(1) NOT NULL DEFAULT '1',
  PRIMARY KEY (`HabitatTypeId`)
) ENGINE=InnoDB AUTO_INCREMENT=10 DEFAULT CHARSET=utf8;
/*!40101 SET character_set_client = @saved_cs_client */;

--
-- Dumping data for table `habitattype`
--

LOCK TABLES `habitattype` WRITE;
/*!40000 ALTER TABLE `habitattype` DISABLE KEYS */;
INSERT INTO `habitattype` VALUES (1,'Arrecife artificial',NULL,1),(2,'Bloques',NULL,1),(3,'Coral',NULL,1),(4,'Coral negro',NULL,1),(5,'Manglar',NULL,1),(6,'Pared',NULL,1),(7,'Risco',NULL,1),(8,'Rodolito',NULL,1),(9,'Sargazo',NULL,1);
/*!40000 ALTER TABLE `habitattype` ENABLE KEYS */;
UNLOCK TABLES;

--
-- Table structure for table `island`
--

DROP TABLE IF EXISTS `island`;
/*!40101 SET @saved_cs_client     = @@character_set_client */;
/*!50503 SET character_set_client = utf8mb4 */;
CREATE TABLE `island` (
  `IslandId` int NOT NULL AUTO_INCREMENT,
  `RegionId` int NOT NULL,
  `Name` varchar(45) NOT NULL,
  `Description` varchar(100) DEFAULT NULL,
  `IsActive` tinyint(1) NOT NULL DEFAULT '1',
  PRIMARY KEY (`IslandId`),
  KEY `fk_Island_Region1_idx` (`RegionId`),
  CONSTRAINT `fk_Island_Region1` FOREIGN KEY (`RegionId`) REFERENCES `region` (`RegionId`)
) ENGINE=InnoDB AUTO_INCREMENT=57 DEFAULT CHARSET=utf8;
/*!40101 SET character_set_client = @saved_cs_client */;

--
-- Dumping data for table `island`
--

LOCK TABLES `island` WRITE;
/*!40000 ALTER TABLE `island` DISABLE KEYS */;
INSERT INTO `island` VALUES (1,1,'Animas Norte',NULL,1),(2,1,'Coronado Norte',NULL,1),(3,1,'Angel de la Guarda',NULL,1),(4,1,'Partida Norte',NULL,1),(5,1,'Baja Norte',NULL,1),(6,1,'Islote Alcatraz',NULL,1),(7,1,'Cabeza de Caballo',NULL,1),(8,1,'Gemelo del Faro',NULL,1),(9,1,'Llave',NULL,1),(10,1,'Racito',NULL,1),(11,1,'Salsipuedes',NULL,1),(12,1,'San Esteban',NULL,1),(13,1,'San Pedro Martir',NULL,1),(14,1,'Turner',NULL,1),(15,1,'Ventana',NULL,1),(16,2,'Jalisco',NULL,1),(17,3,'Baja Sur',NULL,1),(19,4,'San Jose Sur',NULL,1),(20,4,'San Dieguito',NULL,1),(21,4,'San Francisco Sur',NULL,1),(22,4,'Santa Cruz',NULL,1),(23,5,'Maria Cleofas',NULL,1),(24,5,'Maria Madre',NULL,1),(25,5,'Maria Magdalena',NULL,1),(26,5,'San Juanito Marias',NULL,1),(28,6,'Espiritu Santo',NULL,1),(29,6,'Gaviota',NULL,1),(30,6,'Merito',NULL,1),(31,7,'Cerralvo',NULL,1),(33,8,'Carmen',NULL,1),(34,8,'Catalana',NULL,1),(35,8,'Coronado Sur',NULL,1),(36,8,'Danzante',NULL,1),(38,8,'Moserrat',NULL,1),(40,10,'Clarion',NULL,1),(41,10,'San Benedicto',NULL,1),(42,10,'Socorro',NULL,1),(43,11,'Santa Ines',NULL,1),(45,11,'San Idelfonso',NULL,1),(46,11,'San Marcos',NULL,1),(47,11,'Tortuga',NULL,1),(48,12,'Oaxaca',NULL,1),(49,12,'Montosa',NULL,1),(50,13,'Ixtapa_Zihuatanejo',NULL,1),(51,1,'San Pedro Nolasco',NULL,1),(52,6,'Coyote',NULL,1),(53,9,'Los Cabos',NULL,1),(54,10,'Partida Revillagigedo',NULL,1),(55,14,'Sonora',NULL,1);
/*!40000 ALTER TABLE `island` ENABLE KEYS */;
UNLOCK TABLES;

--
-- Table structure for table `language`
--

DROP TABLE IF EXISTS `language`;
/*!40101 SET @saved_cs_client     = @@character_set_client */;
/*!50503 SET character_set_client = utf8mb4 */;
CREATE TABLE `language` (
  `LanguageId` int NOT NULL AUTO_INCREMENT,
  `Language` varchar(45) NOT NULL,
  `Code` varchar(2) NOT NULL,
  `IsActive` tinyint(1) NOT NULL DEFAULT '1',
  PRIMARY KEY (`LanguageId`)
) ENGINE=InnoDB AUTO_INCREMENT=2 DEFAULT CHARSET=utf8;
/*!40101 SET character_set_client = @saved_cs_client */;

--
-- Dumping data for table `language`
--

LOCK TABLES `language` WRITE;
/*!40000 ALTER TABLE `language` DISABLE KEYS */;
INSERT INTO `language` VALUES (1,'Español','es',1);
/*!40000 ALTER TABLE `language` ENABLE KEYS */;
UNLOCK TABLES;

--
-- Table structure for table `media`
--

DROP TABLE IF EXISTS `media`;
/*!40101 SET @saved_cs_client     = @@character_set_client */;
/*!50503 SET character_set_client = utf8mb4 */;
CREATE TABLE `media` (
  `MediaId` int NOT NULL AUTO_INCREMENT,
  `Name` varchar(45) NOT NULL,
  `Route` varchar(255) NOT NULL,
  `Extension` varchar(10) NOT NULL,
  `MediaTypeId` int NOT NULL,
  `ResourceTypeId` int NOT NULL,
  `ResourceKey` varchar(45) NOT NULL,
  `Module` varchar(45) NOT NULL,
  `SubModule` varchar(45) NOT NULL,
  `IsActive` tinyint(1) NOT NULL DEFAULT '1',
  `Theme` varchar(10) DEFAULT NULL,
  PRIMARY KEY (`MediaId`),
  KEY `Media_Type_FK_idx` (`MediaTypeId`),
  KEY `Media_ResourceType_FK_idx` (`ResourceTypeId`),
  CONSTRAINT `Media_ResourceType_FK` FOREIGN KEY (`ResourceTypeId`) REFERENCES `resourcetype` (`ResourceTypeId`) ON UPDATE CASCADE,
  CONSTRAINT `Media_Type_FK` FOREIGN KEY (`MediaTypeId`) REFERENCES `mediatype` (`MediaTypeId`) ON DELETE RESTRICT ON UPDATE CASCADE
) ENGINE=InnoDB DEFAULT CHARSET=utf8;
/*!40101 SET character_set_client = @saved_cs_client */;

--
-- Dumping data for table `media`
--

LOCK TABLES `media` WRITE;
/*!40000 ALTER TABLE `media` DISABLE KEYS */;
/*!40000 ALTER TABLE `media` ENABLE KEYS */;
UNLOCK TABLES;

--
-- Table structure for table `mediatype`
--

DROP TABLE IF EXISTS `mediatype`;
/*!40101 SET @saved_cs_client     = @@character_set_client */;
/*!50503 SET character_set_client = utf8mb4 */;
CREATE TABLE `mediatype` (
  `MediaTypeId` int NOT NULL AUTO_INCREMENT,
  `Name` varchar(45) NOT NULL,
  `Description` tinytext,
  `IsActive` tinyint(1) NOT NULL DEFAULT '1',
  PRIMARY KEY (`MediaTypeId`)
) ENGINE=InnoDB AUTO_INCREMENT=6 DEFAULT CHARSET=utf8;
/*!40101 SET character_set_client = @saved_cs_client */;

--
-- Dumping data for table `mediatype`
--

LOCK TABLES `mediatype` WRITE;
/*!40000 ALTER TABLE `mediatype` DISABLE KEYS */;
INSERT INTO `mediatype` VALUES (1,'Foto',NULL,1),(2,'Video',NULL,1),(3,'DNA',NULL,1),(4,'Artículo',NULL,1),(5,'Infografía',NULL,1);
/*!40000 ALTER TABLE `mediatype` ENABLE KEYS */;
UNLOCK TABLES;

--
-- Table structure for table `module`
--

DROP TABLE IF EXISTS `module`;
/*!40101 SET @saved_cs_client     = @@character_set_client */;
/*!50503 SET character_set_client = utf8mb4 */;
CREATE TABLE `module` (
  `ModuleId` int NOT NULL AUTO_INCREMENT,
  `Name` varchar(45) NOT NULL,
  `Description` varchar(100) DEFAULT NULL,
  `IsActive` tinyint(1) NOT NULL DEFAULT '1',
  PRIMARY KEY (`ModuleId`)
) ENGINE=InnoDB DEFAULT CHARSET=utf8;
/*!40101 SET character_set_client = @saved_cs_client */;

--
-- Dumping data for table `module`
--

LOCK TABLES `module` WRITE;
/*!40000 ALTER TABLE `module` DISABLE KEYS */;
/*!40000 ALTER TABLE `module` ENABLE KEYS */;
UNLOCK TABLES;

--
-- Table structure for table `permission`
--

DROP TABLE IF EXISTS `permission`;
/*!40101 SET @saved_cs_client     = @@character_set_client */;
/*!50503 SET character_set_client = utf8mb4 */;
CREATE TABLE `permission` (
  `PermissionId` int NOT NULL AUTO_INCREMENT,
  `Name` varchar(45) NOT NULL,
  `IsActive` tinyint(1) NOT NULL DEFAULT '1',
  PRIMARY KEY (`PermissionId`)
) ENGINE=InnoDB DEFAULT CHARSET=utf8;
/*!40101 SET character_set_client = @saved_cs_client */;

--
-- Dumping data for table `permission`
--

LOCK TABLES `permission` WRITE;
/*!40000 ALTER TABLE `permission` DISABLE KEYS */;
/*!40000 ALTER TABLE `permission` ENABLE KEYS */;
UNLOCK TABLES;

--
-- Table structure for table `preservationtype`
--

DROP TABLE IF EXISTS `preservationtype`;
/*!40101 SET @saved_cs_client     = @@character_set_client */;
/*!50503 SET character_set_client = utf8mb4 */;
CREATE TABLE `preservationtype` (
  `PreservationTypeId` int NOT NULL AUTO_INCREMENT,
  `Name` varchar(45) NOT NULL,
  `Description` varchar(100) DEFAULT NULL,
  `IsActive` tinyint(1) NOT NULL DEFAULT '1',
  PRIMARY KEY (`PreservationTypeId`)
) ENGINE=InnoDB AUTO_INCREMENT=3 DEFAULT CHARSET=utf8;
/*!40101 SET character_set_client = @saved_cs_client */;

--
-- Dumping data for table `preservationtype`
--

LOCK TABLES `preservationtype` WRITE;
/*!40000 ALTER TABLE `preservationtype` DISABLE KEYS */;
INSERT INTO `preservationtype` VALUES (1,'Seco',NULL,1),(2,'Alcohol 96%',NULL,1);
/*!40000 ALTER TABLE `preservationtype` ENABLE KEYS */;
UNLOCK TABLES;

--
-- Table structure for table `project`
--

DROP TABLE IF EXISTS `project`;
/*!40101 SET @saved_cs_client     = @@character_set_client */;
/*!50503 SET character_set_client = utf8mb4 */;
CREATE TABLE `project` (
  `ProjectId` int NOT NULL AUTO_INCREMENT,
  `Name` varchar(45) NOT NULL,
  `CollectionReference` varchar(45) NOT NULL,
  `Description` varchar(45) DEFAULT NULL,
  `IsActive` tinyint(1) NOT NULL DEFAULT '1',
  PRIMARY KEY (`ProjectId`)
) ENGINE=InnoDB DEFAULT CHARSET=utf8;
/*!40101 SET character_set_client = @saved_cs_client */;

--
-- Dumping data for table `project`
--

LOCK TABLES `project` WRITE;
/*!40000 ALTER TABLE `project` DISABLE KEYS */;
/*!40000 ALTER TABLE `project` ENABLE KEYS */;
UNLOCK TABLES;

--
-- Table structure for table `project_user`
--

DROP TABLE IF EXISTS `project_user`;
/*!40101 SET @saved_cs_client     = @@character_set_client */;
/*!50503 SET character_set_client = utf8mb4 */;
CREATE TABLE `project_user` (
  `ProjectId` int NOT NULL,
  `UserId` binary(16) NOT NULL,
  PRIMARY KEY (`ProjectId`,`UserId`),
  KEY `fk_Project_has_user_user1_idx` (`UserId`),
  KEY `fk_Project_has_user_Project1_idx` (`ProjectId`),
  CONSTRAINT `fk_Project_has_user_Project1` FOREIGN KEY (`ProjectId`) REFERENCES `project` (`ProjectId`),
  CONSTRAINT `fk_Project_has_user_user1` FOREIGN KEY (`UserId`) REFERENCES `user` (`UserId`)
) ENGINE=InnoDB DEFAULT CHARSET=utf8;
/*!40101 SET character_set_client = @saved_cs_client */;

--
-- Dumping data for table `project_user`
--

LOCK TABLES `project_user` WRITE;
/*!40000 ALTER TABLE `project_user` DISABLE KEYS */;
/*!40000 ALTER TABLE `project_user` ENABLE KEYS */;
UNLOCK TABLES;

--
-- Table structure for table `reef`
--

DROP TABLE IF EXISTS `reef`;
/*!40101 SET @saved_cs_client     = @@character_set_client */;
/*!50503 SET character_set_client = utf8mb4 */;
CREATE TABLE `reef` (
  `ReefId` int NOT NULL AUTO_INCREMENT,
  `Name` varchar(45) NOT NULL,
  `Lat` decimal(10,8) NOT NULL,
  `Long` decimal(11,8) NOT NULL,
  `IslandId` int NOT NULL,
  `IsActive` tinyint(1) NOT NULL DEFAULT '1',
  PRIMARY KEY (`ReefId`),
  KEY `fk_Reef_Island1_idx` (`IslandId`),
  CONSTRAINT `fk_Reef_Island1` FOREIGN KEY (`IslandId`) REFERENCES `island` (`IslandId`)
) ENGINE=InnoDB AUTO_INCREMENT=346 DEFAULT CHARSET=utf8;
/*!40101 SET character_set_client = @saved_cs_client */;

--
-- Dumping data for table `reef`
--

LOCK TABLES `reef` WRITE;
/*!40000 ALTER TABLE `reef` DISABLE KEYS */;
INSERT INTO `reef` VALUES (1,'AG_ESTANQUE',29.06703800,-113.08149700,3,1),(2,'AG_MACHOS',29.28389100,-113.49776800,3,1),(3,'AG_PUNTA_ROJA',29.02797200,-113.19001200,3,1),(4,'AG_REFUGIO_NORTE',29.55555300,-113.56031900,3,1),(5,'AG_REFUGIO_SUR',29.55117400,-113.52353900,3,1),(6,'AG_SUSPIRO',28.98765900,-113.11513800,3,1),(7,'PUNTA_DIABLO_ANGEL_GUARDA',29.28989100,-113.18653100,3,1),(8,'AG_ANIMAS',28.69649700,-112.93165800,1,1),(9,'AG_ANIMAS_LAVADERO',28.69865100,-112.90469100,1,1),(10,'AG_SAN_FRANCISQUITO',28.43888500,-112.85996800,5,1),(11,'CANTILES_GUADALUPE',29.19744100,-113.63888700,5,1),(12,'CHOROS',28.83947800,-113.24681400,5,1),(13,'DON_JUAN',28.95977700,-113.43879300,5,1),(14,'HERRADURA',28.94762200,-113.47992300,5,1),(15,'PESCADOR',28.93540500,-113.38256700,5,1),(16,'PUERTO_DON_JUAN',28.95016100,-113.45069800,5,1),(17,'QUEMADO',28.95123200,-113.42613800,5,1),(18,'TORSON',28.83998700,-113.26120700,5,1),(19,'ANEGADA',22.87855600,-109.89883800,17,1),(21,'ARCO_PUNTA_ALTA',24.99115100,-110.74947800,17,1),(22,'ARCO_SAN_LUCAS',22.87613900,-109.89283500,17,1),(23,'ARRECIFE_MARIO',23.42552300,-109.40416100,17,1),(24,'BAHIA_CONCEPCION_SANTISPAC',26.76311900,-111.89264900,17,1),(25,'BAHIA_MUERTOS',23.99153700,-109.82542800,17,1),(26,'BAJO_CABO_PULMO',23.45786100,-109.40546300,17,1),(27,'BAJO_GOLFITO_SAN_LUCAS',22.87590800,-109.89069800,17,1),(28,'BALANDRA',24.32132100,-110.31773600,17,1),(29,'BALANDRA_CARDON',24.31820300,-110.33816900,17,1),(30,'BARRA_PRIMERA',23.43478100,-109.42437700,17,1),(31,'BARRA_SAN_COSME',25.56853300,-111.14311700,17,1),(32,'BLEDITO',23.36114800,-109.42159100,17,1),(33,'BOTAFUEGO',24.76368500,-110.66404500,17,1),(34,'BURROS',25.03236100,-110.80373100,17,1),(35,'CABEZA_BALLENA_CSL',22.90220600,-109.84262200,17,1),(36,'CALERITA',24.35434900,-110.28391700,17,1),(37,'CANTIL_MEDIO',23.43430900,-109.41479100,17,1),(38,'CANTILES_CABO_PULMO',23.43882300,-109.41082100,17,1),(39,'CARRIZALITO',25.34723300,-110.97860100,17,1),(40,'CASA_ROJA_CSL',22.89875600,-109.85661100,17,1),(41,'CASITAS',23.40353900,-109.41481100,17,1),(42,'CHILENO',22.94603100,-109.80366100,17,1),(43,'CRUCES',24.21631100,-110.08887100,17,1),(44,'CUEVAS',24.95203100,-110.73327100,17,1),(45,'DEDO_NEPTUNO',22.87720300,-109.89523300,17,1),(46,'ESPERANZA',23.42471500,-109.40830300,17,1),(47,'GAVILANCITO_CSL',22.93963100,-109.80636100,17,1),(48,'GAVILANES_CABO_PULMO',23.45216100,-109.42450100,17,1),(49,'GIORGIO',22.89603900,-109.86600200,17,1),(50,'HABANA',25.12961800,-110.86182100,17,1),(51,'HABANA',25.12962600,-110.86027500,17,1),(52,'ISLOTE_AGUA_VERDE',25.53247800,-111.06385800,17,1),(53,'ISLOTE_AGUA_VERDE',25.53267100,-111.06368700,17,1),(54,'ISLOTE_CABO_PULMO',23.40799700,-109.41333800,17,1),(55,'ISLOTE_CABO_PULMO',23.40799200,-109.41333200,17,1),(56,'ISLOTE_ROSARIO',24.25111100,-110.14904100,17,1),(57,'LINEA',23.31989700,-109.41739100,17,1),(58,'LISAS',23.45829100,-109.42891500,17,1),(59,'LOBERA_CABO_PULMO',23.38455100,-109.41261800,17,1),(60,'LORETO_ISLOTE_BLANCO',25.74373500,-111.22566400,17,1),(61,'LORETO_ISLOTE_JUNCALITO',25.84111100,-111.31583300,17,1),(62,'LORETO_NOPOLO',25.91722200,-111.34222200,17,1),(63,'LORETO_PUERTO_ESCONDIDO',25.81138900,-111.29166700,17,1),(64,'LORETO_PUNTA COLORADA',26.15313100,-111.35727400,17,1),(65,'LORETO_PUNTA_ALTA',25.91390800,-111.34028100,17,1),(66,'LORETO_SAN_COSME_CANDELERO',25.67973800,-111.17487200,17,1),(67,'LORETO_TEPETATE',26.12472200,-111.34750100,17,1),(68,'MIRADOR_LORETO',25.84892400,-111.33087100,17,1),(69,'MOGOTE',24.14956100,-110.36777100,17,1),(70,'MONTEALBAN',25.20914800,-110.91506100,17,1),(71,'MORROS_CABO_PULMO',23.46193800,-109.40720300,17,1),(72,'MUERTOS',24.24972200,-110.15000100,17,1),(73,'NAVAJAS',23.44616400,-109.41672800,17,1),(74,'NEPOMUCENO',24.25879100,-110.33703400,17,1),(75,'NIDOS',25.27775100,-110.93312100,17,1),(76,'PALMILLA_ESCALONES',22.99705000,-109.72245000,17,1),(77,'PALMILLA_REGINA',22.98855000,-109.73236700,17,1),(78,'PALMILLA_SAN_JOSE',23.00591700,-109.71136700,17,1),(79,'PIEDRAS_BOLAS',23.35525400,-109.42232200,17,1),(80,'PORTUGUES',24.74708300,-110.67723100,17,1),(81,'POTANCO',23.38151600,-109.42050500,17,1),(82,'PULGUERO',24.35146700,-110.24567100,17,1),(83,'PULPITO',26.51618900,-111.44240100,17,1),(84,'PUNTA_ARENAS',24.04344800,-109.82519900,17,1),(85,'PUNTA_BERRENDO',25.51045800,-111.01558300,17,1),(86,'PUNTA_BOTELLA',25.29251700,-110.93405000,17,1),(87,'PUNTA_COYOTE',24.70606600,-110.68827100,17,1),(88,'PUNTA_COYOTE',24.70607100,-110.68826500,17,1),(89,'PUNTA_DIABLO',24.31279900,-110.33720200,17,1),(90,'PUNTA_GORDA',24.16982900,-110.01746700,17,1),(91,'PUNTA_GRIETA',24.27815100,-110.18403100,17,1),(92,'PUNTA_MECHUDO',24.80928100,-110.65919100,17,1),(93,'PUNTA_OLMECA_CSL',22.89722500,-109.87494400,17,1),(94,'PUNTA_PALMA',24.22216100,-110.10791100,17,1),(95,'PUNTA_PERICO',24.01423300,-109.80673300,17,1),(96,'PUNTA_RESBALADILLA',24.19552100,-110.06015100,17,1),(97,'REFUGIO_MORENA',25.24562100,-110.92207100,17,1),(98,'REFUGIO_SAN_MARCIAL',25.53086200,-111.00484300,17,1),(99,'ROFOMEX',24.39554700,-110.68276500,17,1),(100,'SAN_CARLOS',25.33017200,-110.95344100,17,1),(101,'SAN_EVARISTO',24.91137700,-110.70494600,17,1),(102,'SAN_EVARISTO_PUNTA_NORTE',24.91929100,-110.70278100,17,1),(103,'SAN_JUAN_COSTA',24.35298900,-110.67440100,17,1),(104,'SAN_MATEO_NORTE',25.36576700,-110.98441700,17,1),(105,'SAN_MATEO_SUR',25.35651100,-110.98114100,17,1),(106,'SANTA_MARIA',22.92746100,-109.81531600,17,1),(107,'TACHUELAS',23.49213100,-109.45748100,17,1),(108,'TRINIDAD',27.77554100,-112.70435100,17,1),(109,'VENTANA_SUR',24.04061400,-109.89276900,17,1),(110,'CABEZA_CABALLO',28.96637300,-113.47693900,7,1),(111,'CARMEN_ABISMO',25.84198400,-111.23297200,33,1),(112,'CARMEN_ABISMO',25.84198900,-111.23297500,33,1),(113,'CARMEN_BAJO_SUR',25.77054100,-111.18085600,33,1),(114,'CARMEN_CAMELLO',25.95924200,-111.13353700,33,1),(115,'CARMEN_CHOYA',26.04427100,-111.17887900,33,1),(116,'CARMEN_COCODRILOS',25.97271700,-111.18522700,33,1),(117,'CARMEN_CUEVITAS',25.94050100,-111.20117100,33,1),(118,'CARMEN_PUNTA_LOBOS',26.06883900,-111.07012700,33,1),(119,'CARMEN_PUNTA_MESETA',25.86922500,-111.18191100,33,1),(120,'CARMEN_PUNTA_PERICO',25.96526500,-111.06730300,33,1),(121,'CARMEN_TINTORERA',26.06488600,-111.13184700,33,1),(122,'CATALANA_ANEGADO_SUR',25.60027800,-110.75527800,34,1),(123,'CATALANA_ANEGADO_SUR',25.60027200,-110.75527200,34,1),(124,'CATALANA_BAJO',25.52277600,-110.77828800,34,1),(125,'CATALANA_ELEFANTE',25.60093500,-110.77970700,34,1),(126,'CATALANA_PUNTA_ARENAS',25.67111100,-110.76666700,34,1),(127,'CATALANA_PUNTA_NORTE',25.71388900,-110.77444400,34,1),(128,'CATALANA_PUNTA_OESTE',25.68501100,-110.79916700,34,1),(129,'CATALANA_PUNTA_SUR',25.59315800,-110.75909500,34,1),(130,'CERRALVO_BALISA',24.14487100,-109.86321100,31,1),(131,'CERRALVO_CARPINTERO',24.32509800,-109.93961300,31,1),(132,'CERRALVO_CARPINTERO',24.32503300,-109.94041400,31,1),(133,'CERRALVO_NORTE',24.37496900,-109.93260600,31,1),(134,'CERRALVO_PUNTA_SUR_ESTE',24.13625100,-109.80150400,31,1),(135,'CERRALVO_REINA',24.38876200,-109.93996100,31,1),(136,'CERRALVO_SUR_BAJO',24.12970700,-109.79702100,31,1),(137,'CLARION_ROCA_CUERVO',18.34626500,-114.70158800,40,1),(138,'CLARION_ROCA_MONUMENTO',18.36614400,-114.75667100,40,1),(139,'CLARION_ROCA_MONUMENTO',18.37000100,-114.75782600,40,1),(140,'AG_CORONADO_MITLAN',29.06981800,-113.52212100,2,1),(141,'CORONADITO',29.09639700,-113.53082900,2,1),(142,'CORONADO_PUNTA_ESTE',29.07406700,-113.50228300,2,1),(143,'CORONADO_TIJERETAS',29.03744200,-113.48978300,2,1),(144,'CORONADO_ISLOTE',26.10682100,-111.30571300,35,1),(145,'CORONADO_LAJAS',26.12618800,-111.25874300,35,1),(146,'CORONADO_MONO',26.13530400,-111.27910600,35,1),(147,'CORONADO_PUNTA_BLANCA',26.13781200,-111.26529100,35,1),(148,'CORONADO_PUNTA_LOBOS',26.13287000,-111.26103000,35,1),(149,'BAHIA_CONCEPCION_COYOTE',26.72362200,-111.88371800,52,1),(150,'DANZANTE_BIZNAGA',25.81520200,-111.26006200,36,1),(151,'DANZANTE_PUNTA_ESTE',25.78895600,-111.24281900,36,1),(152,'DANZANTE_PUNTA_NOROESTE',25.80071800,-111.25760800,36,1),(153,'DANZANTE_PUNTA_SURESTE',25.76356100,-111.24352100,36,1),(154,'ESPIRITU_SANTO_ARCO_PUNTA_ESTE',24.52333300,-110.33444400,28,1),(155,'ESPIRITU_SANTO_AYLA_NAVAJAS',24.40122200,-110.34922200,28,1),(156,'ESPIRITU_SANTO_BAJITO',24.59666600,-110.40808000,28,1),(157,'ESPIRITU_SANTO_BAJO',24.68773100,-110.26258800,28,1),(158,'ESPIRITU_SANTO_BALLENA',24.48235200,-110.39983700,28,1),(159,'ESPIRITU_SANTO_BALLENA',24.47927800,-110.40951800,28,1),(160,'ESPIRITU_SANTO_BONANZA',24.45551800,-110.29038000,28,1),(161,'ESPIRITU_SANTO_BONANZA_BAJO',24.45077400,-110.28122400,28,1),(162,'ESPIRITU_SANTO_C59',24.43973000,-110.37683000,28,1),(163,'ESPIRITU_SANTO_CARDONAL',24.53703000,-110.39948000,28,1),(164,'ESPIRITU_SANTO_CATEDRAL',24.44111100,-110.37475000,28,1),(165,'ESPIRITU_SANTO_CATEDRAL_BAJO',24.44506100,-110.38590600,28,1),(166,'ESPIRITU_SANTO_DISPENSA',24.40049400,-110.34825900,28,1),(167,'ESPIRITU_SANTO_EMPACHADO',24.44722100,-110.37833100,28,1),(168,'ESPIRITU_SANTO_FANG_MING',24.44470000,-110.38135000,28,1),(169,'ESPIRITU_SANTO_GALLINA',24.45650400,-110.38398400,28,1),(170,'ESPIRITU_SANTO_GALLO',24.46661900,-110.38507600,28,1),(171,'ESPIRITU_SANTO_GALLO2',24.46525000,-110.38735000,28,1),(172,'ESPIRITU_SANTO_ISLOTES',24.59888600,-110.39917500,28,1),(173,'ESPIRITU_SANTO_ISLOTES',24.59760900,-110.40144400,28,1),(174,'ESPIRITU_SANTO_ISLOTES_ESTE',24.59889900,-110.39983100,28,1),(175,'ESPIRITU_SANTO_ISLOTES_NORTE',24.59943200,-110.40118800,28,1),(176,'ESPIRITU_SANTO_ISLOTES_SOMERO',24.59830000,-110.40081000,28,1),(177,'ESPIRITU_SANTO_MONO',24.50638900,-110.32527800,28,1),(178,'ESPIRITU_SANTO_MORRITOS',24.42108300,-110.31341660,28,1),(179,'ESPIRITU_SANTO_MUELLECITOS_PROFUNDO',24.57735000,-110.37958000,28,1),(180,'ESPIRITU_SANTO_MUELLECITOS_SOMERO',24.58575000,-110.38321000,28,1),(181,'ESPIRITU_SANTO_PAILEBOTE',24.50457100,-110.30840600,28,1),(182,'ESPIRITU_SANTO_PARTIDA_NORESTE',24.56200800,-110.36644600,28,1),(183,'ESPIRITU_SANTO_PUNTA_GALLINA',24.45876600,-110.37079100,28,1),(184,'ESPIRITU_SANTO_PUNTA_GALLO',24.46616600,-110.37466600,28,1),(185,'ESPIRITU_SANTO_PUNTA_LOBOS',24.47542100,-110.28930500,28,1),(186,'ESPIRITU_SANTO_PUNTA_RAZA',24.47516600,-110.38691600,28,1),(187,'ESPIRITU_SANTO_SALVATIERRA',24.38411100,-110.29424100,28,1),(188,'ESPIRITU_SANTO_SAN_GABRIEL',24.41389100,-110.35444100,28,1),(189,'ESPIRITU_SANTO_SOANY',24.39111600,-110.30485300,28,1),(190,'ESPIRITU_SANTO_TIJERETAS',24.57159600,-110.41470100,28,1),(191,'GAVIOTA',24.28816100,-110.34019600,29,1),(192,'GAVIOTA',24.28682500,-110.34118600,29,1),(193,'GEMELO_FARO',28.95686100,-113.47682300,8,1),(194,'ALCATRAZ',29.16862300,-113.60714700,6,1),(195,'BAJO_SECO',17.64358910,-101.64012810,50,1),(196,'CALETA_DE_CHON',17.61544040,-101.55495400,50,1),(197,'CHATO',17.64932500,-101.62148000,50,1),(198,'GATAS',17.62308330,-101.55164100,50,1),(199,'MANZANILLO',17.62006400,-101.52423800,50,1),(200,'MORRO_COLORADO',17.67975100,-101.65852600,50,1),(201,'MORRO_TIERRA',17.65141590,-101.60470800,50,1),(202,'MORROS_POTOSI_ESTE',17.53345440,-101.49177700,50,1),(203,'MORROS_POTOSI_OESTE',17.53416870,-101.49982600,50,1),(204,'PIEDRA_SOLITARIA',17.59950470,-101.56756300,50,1),(205,'PLAYA_CORAL',17.67490200,-101.65647200,50,1),(206,'SACRAMENTO_BAJO',17.63089110,-101.61291700,50,1),(207,'TINTORERA_BAJO',17.68877230,-101.66030100,50,1),(208,'TORRECILLAS',17.64570700,-101.63241000,50,1),(209,'ZACATOSO',17.65369220,-101.62225100,50,1),(210,'BAJO_MANTA',20.45263100,-105.66189800,16,1),(211,'CABO_CORRIENTE',20.41683900,-105.69508300,16,1),(212,'CHIMO',20.49715200,-105.55987600,16,1),(213,'IGLESIAS',20.47978100,-105.62121100,16,1),(214,'MARIETAS_MORRITO',20.66957100,-105.65643100,16,1),(215,'MARIETAS_MORRO',20.68388800,-105.61416600,16,1),(216,'MARIETAS_ROCAS_GEMELAS',20.69722200,-105.59111100,16,1),(217,'LLAVE',28.99856700,-113.52129200,9,1),(218,'MARIA_CLEOFAS_10',21.27365100,-106.23342100,23,1),(219,'MARIA_CLEOFAS_11',21.31684100,-106.29103100,23,1),(220,'MARIA_CLEOFAS_12',21.33554100,-106.24242100,23,1),(221,'MARIA_CLEOFAS_13',21.30339100,-106.22450100,23,1),(222,'MARIA_CLEOFAS_9',21.28893100,-106.25742100,23,1),(223,'MARIA_MADRE_14',21.53985100,-106.53129100,24,1),(224,'MARIA_MADRE_15',21.59944100,-106.63144100,24,1),(225,'MARIA_MADRE_16',21.66298100,-106.53734100,24,1),(226,'MARIA_MADRE_2',21.56975100,-106.51301100,24,1),(227,'MARIA_MADRE_21',21.69844100,-106.66360100,24,1),(228,'MARIA_MADRE_22',21.69865100,-106.65331100,24,1),(229,'MARIA_MAGDALENA_3',21.42137100,-106.38496100,25,1),(230,'MARIA_MAGDALENA_4',21.42112100,-106.41500100,25,1),(231,'MARIA_MAGDALENA_5',21.43460600,-106.44699700,25,1),(232,'MARIA_MAGDALENA_6',21.45091100,-106.48489100,25,1),(233,'MARIA_MAGDALENA_7',21.46549100,-106.49859100,25,1),(234,'MARIA_MAGDALENA_8',21.45863400,-106.35535800,25,1),(235,'MERITO',24.30068100,-110.33856100,30,1),(236,'MERITO_NORTE',24.30227700,-110.33807100,30,1),(237,'MONTOSA',15.76248300,-96.08286500,49,1),(238,'MONSERRAT_GALERAS',25.74275700,-111.04661100,38,1),(239,'MONSERRAT_GALERAS_ESTE',25.74116100,-111.04236400,38,1),(240,'MONSERRAT_PUNTA_NOROESTE',25.70845700,-111.05988100,38,1),(241,'MONSERRAT_PUNTA_PLANA',25.66002300,-111.04532800,38,1),(242,'MONSERRAT_PUNTA_SURESTE',25.67588100,-111.01127100,38,1),(243,'MONSERRAT_REINITA',25.74782200,-111.06021700,38,1),(244,'CACALUTA',15.71618400,-96.16184500,48,1),(245,'ENTREGA',15.74397200,-96.12606000,48,1),(246,'INDIA',15.70987600,-96.19787800,48,1),(247,'ORGANO',15.73674200,-96.14406000,48,1),(248,'RISCALILLO',15.69673700,-96.22421500,48,1),(249,'SAN_AGUSTIN',15.68550400,-96.23645300,48,1),(250,'VIOLIN',15.73564800,-96.13130800,48,1),(251,'AG_PARTIDA',28.90018800,-113.03822500,4,1),(252,'AG_PARTIDA_GILLIGAN',28.89130100,-113.04480300,4,1),(253,'ROCA_PARTIDA',19.00888900,-112.08222200,54,1),(254,'RACITO',29.01475600,-113.50452600,10,1),(255,'SALSIPUEDES',28.71891800,-112.94885100,11,1),(256,'SALSIPUEDES',28.71891200,-112.94885500,11,1),(257,'SALSIPUEDES',28.71891400,-112.94885900,11,1),(258,'SAN_BENEDICTO_14',19.33236100,-110.79392000,41,1),(259,'SAN_BENEDICTO_16',19.30405300,-110.79527400,41,1),(260,'SAN_BENEDICTO_17',19.33198900,-110.80196600,41,1),(261,'SAN_BENEDICTO_18',19.31636100,-110.81435100,41,1),(262,'SAN_BENEDICTO_19',19.30843500,-110.81893900,41,1),(263,'SAN_BENEDICTO_BOILER',19.33016400,-110.81393100,41,1),(264,'SAN_BENEDICTO_CANION',19.29780100,-110.80469400,41,1),(265,'SAN_BENEDICTO_CANION',19.29780500,-110.80469900,41,1),(266,'SAN_BENEDICTO_CANION',19.29780900,-110.80468500,41,1),(267,'SAN_BENEDICTO_CUEVITAS',19.32504600,-110.79078600,41,1),(268,'SAN_BENEDICTO_FONDEADERO',19.29647900,-110.81383700,41,1),(269,'SAN_BENEDICTO_OESTE',19.32660700,-110.80843000,41,1),(270,'SAN_BENEDICTO_OESTE_NORTE',19.32924100,-110.80211400,41,1),(271,'SAN_BENEDICTO_OESTE_SUR',19.31857400,-110.81089700,41,1),(272,'SAN_BENEDICTO_PARTE_NORTE',19.33198900,-110.80196600,41,1),(273,'SAN_DIEGO_ABNEGADO',25.18263300,-110.71001100,20,1),(274,'SAN_DIEGUITO_NORTE',25.20303100,-110.69492100,20,1),(275,'SAN_ESTEBAN_NOROESTE',28.72116100,-112.61126100,12,1),(276,'SAN_ESTEBAN_NOROESTE',28.72116900,-112.61126800,12,1),(277,'SAN_ESTEBAN_SUR',28.66492500,-112.54837700,12,1),(278,'SAN_FRANCISCO_PUNTA_NORTE_FARO',24.84297100,-110.56601100,21,1),(279,'SAN_FRANCISCO_PUNTA_SUR',24.81392100,-110.56432100,21,1),(280,'SAN_FRANCISQUITO_1M_BAJO',24.81034800,-110.57967800,21,1),(281,'SAN_FRANCISQUITO_ADENTRO_BAJO',24.81061200,-110.53020800,21,1),(282,'SAN_FRANCISQUITO_AFUERA_BAJO',24.81000800,-110.52019100,21,1),(283,'SAN_ILDEFONSO',26.62372400,-111.42981600,45,1),(284,'SAN_ILDEFONSO_SURESTE',26.62669100,-111.42478100,45,1),(285,'CALABOZO',25.10656400,-110.70396900,19,1),(286,'PARDITO_ARRECIFE',24.85179600,-110.58585100,19,1),(287,'PARDITO_BAJO',24.83921400,-110.60859800,19,1),(288,'PARDITO_BAJO',24.83921100,-110.60859100,19,1),(289,'PARDITO_CAYO',24.87323300,-110.60375100,19,1),(290,'PARDITO_FARO_LOBERA',24.84293700,-110.60568700,19,1),(291,'PARDITO_REFUGIO',24.85353300,-110.57963300,19,1),(292,'PUNTA_TS',25.03154100,-110.58903100,19,1),(293,'SAN_JOSE_ANIMAS_NORTE',25.08948500,-110.56677900,19,1),(294,'SAN_JOSE_ANIMAS_PINACULOS',25.08946800,-110.56674300,19,1),(295,'SAN_JOSE_BAJO',25.11873900,-110.70848800,19,1),(296,'SAN_JOSE_PUNTA_SUR',24.88401100,-110.52531100,19,1),(297,'SAN_JUANITO_17',21.77313100,-106.67000100,26,1),(298,'SAN_JUANITO_18',21.74117100,-106.70177100,26,1),(299,'SAN_JUANITO_19',21.73861100,-106.70174100,26,1),(300,'SAN_JUANITO_20',21.70873100,-106.67531100,26,1),(301,'SAN_JUANITO_23',21.75432100,-106.66010100,26,1),(302,'SAN_JUANITO_24',21.76148100,-106.66142100,26,1),(303,'SAN_JUANITO_25',21.73876100,-106.70335100,26,1),(304,'SAN_MARCOS_ESTE',27.22321600,-112.04552800,46,1),(305,'SAN_MARCOS_ISLOTES',27.26595100,-112.09186800,46,1),(306,'SAN_PEDRO_MARTIR_LOBERA_NORTE',28.38780800,-112.29715100,13,1),(307,'SAN_PEDRO_MARTIR_PINACULOS',28.36883900,-112.30194300,13,1),(308,'SAN_PEDRO_MARTIR_PINACULOS',28.36882400,-112.30194800,13,1),(309,'SAN_PEDRO_MARTIR_PINACULOS',28.36883300,-112.30194100,13,1),(310,'SAN_PEDRO_MARTIR_PUNTA_NORTE',28.38872400,-112.31476900,13,1),(311,'SAN_PEDRO_NOLASCO',27.95157500,-111.36668300,51,1),(312,'SAN_PEDRO_NOLASCO',27.95601500,-111.36471300,51,1),(313,'SANTA_CRUZ_NORTE',25.30618100,-110.71247100,22,1),(314,'SANTA_CRUZ_SUR',25.25945200,-110.71797100,22,1),(315,'INES_CHICA',27.04981700,-111.90502400,43,1),(316,'INES_GRANDE',27.05892900,-111.90989900,43,1),(317,'SOCORRO_10',18.73389400,-110.91875200,42,1),(318,'SOCORRO_2',18.75384100,-110.91470500,42,1),(319,'SOCORRO_3',18.79938500,-110.91520300,42,1),(320,'SOCORRO_4',18.84086900,-110.94622000,42,1),(321,'SOCORRO_7',18.76745000,-111.02249300,42,1),(322,'SOCORRO_8',18.80043400,-111.04556200,42,1),(323,'SOCORRO_9',18.73355800,-110.96416900,42,1),(324,'SOCORRO_BAHIA_NAVAL',18.72340100,-110.94599700,42,1),(325,'SOCORRO_BAJO_PEDRO',18.74921200,-111.01607400,42,1),(326,'SOCORRO_BAJO_PEDRO',18.74921500,-111.01607100,42,1),(327,'SOCORRO_CABO_PEARCE_NORTE',18.78021500,-110.90934900,42,1),(328,'SOCORRO_CABO_PEARCE_SUR',18.77730500,-110.91011700,42,1),(329,'SOCORRO_PUNTA_NORTE',18.86400100,-110.98215600,42,1),(330,'SOCORRO_PUNTA_NORTE',18.86400500,-110.98215800,42,1),(331,'SOCORRO_PUNTA_TOSCA',18.77996100,-111.04715100,42,1),(332,'SOCORRO_ROCA_ONEIL',18.83215600,-111.05738400,42,1),(333,'BAJO_JOMA',27.92794500,-111.05212600,55,1),(334,'SAN_CARLOS',27.92779500,-111.05882800,55,1),(335,'TORTUGA_PUNTA_OESTE',27.45086900,-111.90213800,47,1),(336,'TORTUGA_PUNTA_SUR',27.42988800,-111.86253100,47,1),(337,'TORTUGA_PUNTA_SUR',27.42988200,-111.86253900,47,1),(338,'TURNER',28.71552200,-112.29198400,14,1),(339,'TURNER',28.71552900,-112.29198900,14,1),(340,'VENTANA',28.99080700,-113.49500400,15,1),(341,'Pared Norte',0.00000000,0.00000000,53,1),(342,'Reef_Demo_1',0.00000000,0.00000000,53,1),(343,'Reef_Demo_2',0.00000000,0.00000000,54,1),(344,'Reef_Demo_3',0.00000000,0.00000000,55,1);
/*!40000 ALTER TABLE `reef` ENABLE KEYS */;
UNLOCK TABLES;

--
-- Table structure for table `region`
--

DROP TABLE IF EXISTS `region`;
/*!40101 SET @saved_cs_client     = @@character_set_client */;
/*!50503 SET character_set_client = utf8mb4 */;
CREATE TABLE `region` (
  `RegionId` int NOT NULL AUTO_INCREMENT,
  `Name` varchar(45) NOT NULL,
  `IsActive` tinyint(1) NOT NULL DEFAULT '1',
  PRIMARY KEY (`RegionId`)
) ENGINE=InnoDB AUTO_INCREMENT=15 DEFAULT CHARSET=utf8;
/*!40101 SET character_set_client = @saved_cs_client */;

--
-- Dumping data for table `region`
--

LOCK TABLES `region` WRITE;
/*!40000 ALTER TABLE `region` DISABLE KEYS */;
INSERT INTO `region` VALUES (1,'Alto Golfo',1),(2,'Bahia Banderas',1),(3,'Cabo Pulmo',1),(4,'Corredor',1),(5,'Islas Marias',1),(6,'La Paz',1),(7,'La Ventana',1),(8,'Loreto',1),(9,'Los Cabos',1),(10,'Islas Revillagigedo',1),(11,'Santa Rosalia',1),(12,'Huatulco',1),(13,'Ixtapa',1),(14,'Sonora',1);
/*!40000 ALTER TABLE `region` ENABLE KEYS */;
UNLOCK TABLES;

--
-- Table structure for table `resourcetype`
--

DROP TABLE IF EXISTS `resourcetype`;
/*!40101 SET @saved_cs_client     = @@character_set_client */;
/*!50503 SET character_set_client = utf8mb4 */;
CREATE TABLE `resourcetype` (
  `ResourceTypeId` int NOT NULL AUTO_INCREMENT,
  `Name` varchar(45) NOT NULL,
  `Description` varchar(100) DEFAULT NULL,
  PRIMARY KEY (`ResourceTypeId`)
) ENGINE=InnoDB AUTO_INCREMENT=28 DEFAULT CHARSET=utf8;
/*!40101 SET character_set_client = @saved_cs_client */;

--
-- Dumping data for table `resourcetype`
--

LOCK TABLES `resourcetype` WRITE;
/*!40000 ALTER TABLE `resourcetype` DISABLE KEYS */;
INSERT INTO `resourcetype` VALUES (1,'ExternalLink',NULL),(2,'Language',NULL),(3,'Permission',NULL),(4,'Reef',NULL),(5,'Role_Permission',NULL),(6,'TaxonType',NULL),(7,'user',NULL),(8,'Collection',NULL),(9,'Habitat',NULL),(10,'HabitatType',NULL),(11,'Media',NULL),(12,'PreservationType',NULL),(13,'Region',NULL),(14,'Sample',NULL),(15,'User_Role',NULL),(16,'ColonyType',NULL),(17,'MediaType',NULL),(18,'Project',NULL),(19,'ResourceType',NULL),(20,'TaxCommonName',NULL),(21,'TrackingType',NULL),(22,'CommonNames',NULL),(23,'Island',NULL),(24,'Module',NULL),(25,'Project_User',NULL),(26,'Role',NULL),(27,'Taxon',NULL);
/*!40000 ALTER TABLE `resourcetype` ENABLE KEYS */;
UNLOCK TABLES;

--
-- Table structure for table `role`
--

DROP TABLE IF EXISTS `role`;
/*!40101 SET @saved_cs_client     = @@character_set_client */;
/*!50503 SET character_set_client = utf8mb4 */;
CREATE TABLE `role` (
  `RoleId` int NOT NULL AUTO_INCREMENT,
  `Name` varchar(45) NOT NULL,
  `Description` varchar(100) DEFAULT NULL,
  `IsActive` tinyint(1) NOT NULL DEFAULT '1',
  PRIMARY KEY (`RoleId`)
) ENGINE=InnoDB DEFAULT CHARSET=utf8;
/*!40101 SET character_set_client = @saved_cs_client */;

--
-- Dumping data for table `role`
--

LOCK TABLES `role` WRITE;
/*!40000 ALTER TABLE `role` DISABLE KEYS */;
/*!40000 ALTER TABLE `role` ENABLE KEYS */;
UNLOCK TABLES;

--
-- Table structure for table `role_permission`
--

DROP TABLE IF EXISTS `role_permission`;
/*!40101 SET @saved_cs_client     = @@character_set_client */;
/*!50503 SET character_set_client = utf8mb4 */;
CREATE TABLE `role_permission` (
  `RoleId` int NOT NULL,
  `PermissionId` int NOT NULL,
  `ModuleId` int NOT NULL,
  PRIMARY KEY (`RoleId`,`PermissionId`,`ModuleId`),
  KEY `fk_Role_has_Permission_Permission1_idx` (`PermissionId`),
  KEY `fk_Role_has_Permission_Role1_idx` (`RoleId`),
  KEY `fk_Role_has_Permission_Module1_idx` (`ModuleId`),
  CONSTRAINT `fk_Role_has_Permission_Module1` FOREIGN KEY (`ModuleId`) REFERENCES `module` (`ModuleId`),
  CONSTRAINT `fk_Role_has_Permission_Permission1` FOREIGN KEY (`PermissionId`) REFERENCES `permission` (`PermissionId`),
  CONSTRAINT `fk_Role_has_Permission_Role1` FOREIGN KEY (`RoleId`) REFERENCES `role` (`RoleId`)
) ENGINE=InnoDB DEFAULT CHARSET=utf8;
/*!40101 SET character_set_client = @saved_cs_client */;

--
-- Dumping data for table `role_permission`
--

LOCK TABLES `role_permission` WRITE;
/*!40000 ALTER TABLE `role_permission` DISABLE KEYS */;
/*!40000 ALTER TABLE `role_permission` ENABLE KEYS */;
UNLOCK TABLES;

--
-- Table structure for table `sample`
--

DROP TABLE IF EXISTS `sample`;
/*!40101 SET @saved_cs_client     = @@character_set_client */;
/*!50503 SET character_set_client = utf8mb4 */;
CREATE TABLE `sample` (
  `IdentificationId` bigint NOT NULL AUTO_INCREMENT,
  `UnitId` bigint NOT NULL,
  `CollectionId` int NOT NULL,
  `HabitatId` int NOT NULL,
  `ColonyTypeId` int DEFAULT NULL,
  `PreservationTypeId` int DEFAULT NULL,
  `IsActive` tinyint(1) NOT NULL DEFAULT '1',
  `CollectionReference` int DEFAULT NULL,
  `Description` mediumtext,
  `Notes` tinytext,
  `PolypColor` varchar(45) DEFAULT NULL,
  `Size` varchar(45) DEFAULT NULL,
  `HasDNA` tinyint(1) DEFAULT '0',
  `HasPhoto` tinyint(1) DEFAULT '0',
  `HasVideo` tinyint(1) DEFAULT '0',
  `HasArticle` tinyint(1) DEFAULT '0',
  `HasInphography` tinyint(1) DEFAULT '0',
  PRIMARY KEY (`IdentificationId`),
  KEY `Identification_Unit_FK_idx` (`UnitId`),
  KEY `Identification_Collection_FK_idx` (`CollectionId`),
  KEY `fk_Identification_Habitat1_idx` (`HabitatId`),
  KEY `fk_Identification_PreservationType1_idx` (`PreservationTypeId`),
  KEY `fk_Sample_ColonyType1_idx` (`ColonyTypeId`),
  CONSTRAINT `fk_Identification_Habitat1` FOREIGN KEY (`HabitatId`) REFERENCES `habitat` (`HabitatId`),
  CONSTRAINT `fk_Identification_PreservationType1` FOREIGN KEY (`PreservationTypeId`) REFERENCES `preservationtype` (`PreservationTypeId`),
  CONSTRAINT `fk_Sample_ColonyType1` FOREIGN KEY (`ColonyTypeId`) REFERENCES `colonytype` (`ColonyTypeId`),
  CONSTRAINT `Identification_Collection_FK` FOREIGN KEY (`CollectionId`) REFERENCES `collection` (`CollectionId`),
  CONSTRAINT `Identification_Unit_FK` FOREIGN KEY (`UnitId`) REFERENCES `unit` (`UnitId`)
) ENGINE=InnoDB DEFAULT CHARSET=utf8;
/*!40101 SET character_set_client = @saved_cs_client */;

--
-- Dumping data for table `sample`
--

LOCK TABLES `sample` WRITE;
/*!40000 ALTER TABLE `sample` DISABLE KEYS */;
/*!40000 ALTER TABLE `sample` ENABLE KEYS */;
UNLOCK TABLES;

--
-- Table structure for table `taxcommonname`
--

DROP TABLE IF EXISTS `taxcommonname`;
/*!40101 SET @saved_cs_client     = @@character_set_client */;
/*!50503 SET character_set_client = utf8mb4 */;
CREATE TABLE `taxcommonname` (
  `CommonNameId` int NOT NULL,
  `TaxonId` int NOT NULL,
  PRIMARY KEY (`CommonNameId`,`TaxonId`),
  KEY `fk_CommonNames_has_Taxon_Taxon1_idx` (`TaxonId`),
  KEY `fk_CommonNames_has_Taxon_CommonNames1_idx` (`CommonNameId`),
  CONSTRAINT `fk_CommonNames_has_Taxon_CommonNames1` FOREIGN KEY (`CommonNameId`) REFERENCES `commonnames` (`CommonNamesId`),
  CONSTRAINT `fk_CommonNames_has_Taxon_Taxon1` FOREIGN KEY (`TaxonId`) REFERENCES `taxon` (`TaxonId`)
) ENGINE=InnoDB DEFAULT CHARSET=utf8;
/*!40101 SET character_set_client = @saved_cs_client */;

--
-- Dumping data for table `taxcommonname`
--

LOCK TABLES `taxcommonname` WRITE;
/*!40000 ALTER TABLE `taxcommonname` DISABLE KEYS */;
/*!40000 ALTER TABLE `taxcommonname` ENABLE KEYS */;
UNLOCK TABLES;

--
-- Table structure for table `taxon`
--

DROP TABLE IF EXISTS `taxon`;
/*!40101 SET @saved_cs_client     = @@character_set_client */;
/*!50503 SET character_set_client = utf8mb4 */;
CREATE TABLE `taxon` (
  `TaxonId` int NOT NULL AUTO_INCREMENT,
  `TaxonTypeId` smallint NOT NULL,
  `TaxFatherId` binary(16) DEFAULT NULL,
  `Name` varchar(45) NOT NULL,
  `IsActive` tinyint(1) NOT NULL DEFAULT '1',
  PRIMARY KEY (`TaxonId`),
  KEY `Taxon_Type_FK_idx` (`TaxonTypeId`),
  CONSTRAINT `Taxon_Type_FK` FOREIGN KEY (`TaxonTypeId`) REFERENCES `taxontype` (`TaxonTypeId`) ON DELETE CASCADE ON UPDATE CASCADE
) ENGINE=InnoDB DEFAULT CHARSET=utf8;
/*!40101 SET character_set_client = @saved_cs_client */;

--
-- Dumping data for table `taxon`
--

LOCK TABLES `taxon` WRITE;
/*!40000 ALTER TABLE `taxon` DISABLE KEYS */;
/*!40000 ALTER TABLE `taxon` ENABLE KEYS */;
UNLOCK TABLES;

--
-- Table structure for table `taxontype`
--

DROP TABLE IF EXISTS `taxontype`;
/*!40101 SET @saved_cs_client     = @@character_set_client */;
/*!50503 SET character_set_client = utf8mb4 */;
CREATE TABLE `taxontype` (
  `TaxonTypeId` smallint NOT NULL AUTO_INCREMENT,
  `Name` varchar(45) NOT NULL,
  `Description` tinytext,
  `IsActive` tinyint(1) NOT NULL DEFAULT '1',
  `LanguageId` int NOT NULL,
  PRIMARY KEY (`TaxonTypeId`),
  KEY `TaxonType_Language_FK_idx` (`LanguageId`),
  CONSTRAINT `TaxonType_Language_FK` FOREIGN KEY (`LanguageId`) REFERENCES `language` (`LanguageId`)
) ENGINE=InnoDB AUTO_INCREMENT=16 DEFAULT CHARSET=utf8;
/*!40101 SET character_set_client = @saved_cs_client */;

--
-- Dumping data for table `taxontype`
--

LOCK TABLES `taxontype` WRITE;
/*!40000 ALTER TABLE `taxontype` DISABLE KEYS */;
INSERT INTO `taxontype` VALUES (1,'Individuo',NULL,1,1),(2,'Subespecie',NULL,1,1),(3,'Especie',NULL,1,1),(4,'Subgénero',NULL,1,1),(5,'Género',NULL,1,1),(6,'Subfamilia',NULL,1,1),(7,'Familia',NULL,1,1),(8,'Suborden',NULL,1,1),(9,'Orden',NULL,1,1),(10,'Subclase',NULL,1,1),(11,'Clase',NULL,1,1),(12,'Superclase',NULL,1,1),(13,'Subfilo',NULL,1,1),(14,'Filo',NULL,1,1),(15,'Reino',NULL,1,1);
/*!40000 ALTER TABLE `taxontype` ENABLE KEYS */;
UNLOCK TABLES;

--
-- Table structure for table `trackingresource`
--

DROP TABLE IF EXISTS `trackingresource`;
/*!40101 SET @saved_cs_client     = @@character_set_client */;
/*!50503 SET character_set_client = utf8mb4 */;
CREATE TABLE `trackingresource` (
  `TrackingResourceId` int NOT NULL AUTO_INCREMENT,
  `TrackingTypeId` int NOT NULL,
  `ResourceTypeId` int NOT NULL,
  `ResourceKey` varchar(45) NOT NULL,
  `UserId` binary(16) NOT NULL,
  `EventDate` timestamp NOT NULL,
  PRIMARY KEY (`TrackingResourceId`),
  KEY `Tracking_Type_FK_idx` (`TrackingTypeId`),
  KEY `Tracking_ResourceType_FK_idx` (`ResourceTypeId`),
  KEY `Tracking_User_FK_idx` (`UserId`),
  CONSTRAINT `Tracking_ResourceType_FK` FOREIGN KEY (`ResourceTypeId`) REFERENCES `resourcetype` (`ResourceTypeId`) ON UPDATE CASCADE,
  CONSTRAINT `Tracking_Type_FK` FOREIGN KEY (`TrackingTypeId`) REFERENCES `trackingtype` (`TrackingTypeId`) ON UPDATE CASCADE,
  CONSTRAINT `Tracking_User_FK` FOREIGN KEY (`UserId`) REFERENCES `user` (`UserId`) ON UPDATE RESTRICT
) ENGINE=InnoDB DEFAULT CHARSET=utf8;
/*!40101 SET character_set_client = @saved_cs_client */;

--
-- Dumping data for table `trackingresource`
--

LOCK TABLES `trackingresource` WRITE;
/*!40000 ALTER TABLE `trackingresource` DISABLE KEYS */;
/*!40000 ALTER TABLE `trackingresource` ENABLE KEYS */;
UNLOCK TABLES;

--
-- Table structure for table `trackingtype`
--

DROP TABLE IF EXISTS `trackingtype`;
/*!40101 SET @saved_cs_client     = @@character_set_client */;
/*!50503 SET character_set_client = utf8mb4 */;
CREATE TABLE `trackingtype` (
  `TrackingTypeId` int NOT NULL AUTO_INCREMENT,
  `Name` varchar(45) NOT NULL,
  PRIMARY KEY (`TrackingTypeId`)
) ENGINE=InnoDB AUTO_INCREMENT=7 DEFAULT CHARSET=utf8;
/*!40101 SET character_set_client = @saved_cs_client */;

--
-- Dumping data for table `trackingtype`
--

LOCK TABLES `trackingtype` WRITE;
/*!40000 ALTER TABLE `trackingtype` DISABLE KEYS */;
INSERT INTO `trackingtype` VALUES (1,'Creación'),(2,'Edición'),(3,'Eliminación'),(4,'Inicio de sesión'),(5,'Eliminación lógica'),(6,'Aceptar usuario');
/*!40000 ALTER TABLE `trackingtype` ENABLE KEYS */;
UNLOCK TABLES;

--
-- Table structure for table `unit`
--

DROP TABLE IF EXISTS `unit`;
/*!40101 SET @saved_cs_client     = @@character_set_client */;
/*!50503 SET character_set_client = utf8mb4 */;
CREATE TABLE `unit` (
  `UnitId` bigint NOT NULL AUTO_INCREMENT,
  `TaxonId` int NOT NULL,
  `Description` mediumtext,
  `Notes` tinytext,
  `IsActive` tinyint(1) NOT NULL,
  PRIMARY KEY (`UnitId`),
  KEY `Unit_Taxon_idx` (`TaxonId`),
  CONSTRAINT `Unit_Taxon` FOREIGN KEY (`TaxonId`) REFERENCES `taxon` (`TaxonId`) ON DELETE CASCADE ON UPDATE CASCADE
) ENGINE=InnoDB DEFAULT CHARSET=utf8;
/*!40101 SET character_set_client = @saved_cs_client */;

--
-- Dumping data for table `unit`
--

LOCK TABLES `unit` WRITE;
/*!40000 ALTER TABLE `unit` DISABLE KEYS */;
/*!40000 ALTER TABLE `unit` ENABLE KEYS */;
UNLOCK TABLES;

--
-- Table structure for table `user`
--

DROP TABLE IF EXISTS `user`;
/*!40101 SET @saved_cs_client     = @@character_set_client */;
/*!50503 SET character_set_client = utf8mb4 */;
CREATE TABLE `user` (
  `UserId` binary(16) NOT NULL,
  `username` varchar(16) NOT NULL,
  `email` varchar(255) NOT NULL,
  `password` varchar(32) NOT NULL,
  `IsActive` tinyint(1) NOT NULL DEFAULT '1',
  `Name` varchar(45) NOT NULL,
  `LastName` varchar(45) NOT NULL,
  `LastName2` varchar(45) DEFAULT NULL,
  PRIMARY KEY (`UserId`)
) ENGINE=InnoDB DEFAULT CHARSET=utf8;
/*!40101 SET character_set_client = @saved_cs_client */;

--
-- Dumping data for table `user`
--

LOCK TABLES `user` WRITE;
/*!40000 ALTER TABLE `user` DISABLE KEYS */;
/*!40000 ALTER TABLE `user` ENABLE KEYS */;
UNLOCK TABLES;

--
-- Table structure for table `user_role`
--

DROP TABLE IF EXISTS `user_role`;
/*!40101 SET @saved_cs_client     = @@character_set_client */;
/*!50503 SET character_set_client = utf8mb4 */;
CREATE TABLE `user_role` (
  `UserId` binary(16) NOT NULL,
  `RoleId` int NOT NULL,
  PRIMARY KEY (`UserId`,`RoleId`),
  KEY `fk_user_has_Role_Role1_idx` (`RoleId`),
  KEY `fk_user_has_Role_user1_idx` (`UserId`),
  CONSTRAINT `fk_user_has_Role_Role1` FOREIGN KEY (`RoleId`) REFERENCES `role` (`RoleId`),
  CONSTRAINT `fk_user_has_Role_user1` FOREIGN KEY (`UserId`) REFERENCES `user` (`UserId`)
) ENGINE=InnoDB DEFAULT CHARSET=utf8;
/*!40101 SET character_set_client = @saved_cs_client */;

--
-- Dumping data for table `user_role`
--

LOCK TABLES `user_role` WRITE;
/*!40000 ALTER TABLE `user_role` DISABLE KEYS */;
/*!40000 ALTER TABLE `user_role` ENABLE KEYS */;
UNLOCK TABLES;
/*!40103 SET TIME_ZONE=@OLD_TIME_ZONE */;

/*!40101 SET SQL_MODE=@OLD_SQL_MODE */;
/*!40014 SET FOREIGN_KEY_CHECKS=@OLD_FOREIGN_KEY_CHECKS */;
/*!40014 SET UNIQUE_CHECKS=@OLD_UNIQUE_CHECKS */;
/*!40101 SET CHARACTER_SET_CLIENT=@OLD_CHARACTER_SET_CLIENT */;
/*!40101 SET CHARACTER_SET_RESULTS=@OLD_CHARACTER_SET_RESULTS */;
/*!40101 SET COLLATION_CONNECTION=@OLD_COLLATION_CONNECTION */;
/*!40111 SET SQL_NOTES=@OLD_SQL_NOTES */;

-- Dump completed on 2022-08-29 21:23:29
